coat-of-arms_images/coa__alessandro_de_medici_pope_leone_xi=-b-eh.png,1
coat-of-arms_images/coa__alessandro_de_medici_pope_leone_xi=-b-el.png,1
coat-of-arms_images/coa__alessandro_de_medici_pope_leone_xi=-b-et.png,1
coat-of-arms_images/coa__alessandro_de_medici_pope_leone_xi=-b.png,1
coat-of-arms_images/coa__alessandro_de_medici_pope_leone_xi=-ch-b-eh.png,1
coat-of-arms_images/coa__alessandro_de_medici_pope_leone_xi=-ch-b-el.png,1
coat-of-arms_images/coa__alessandro_de_medici_pope_leone_xi=-ch-b-et.png,1
coat-of-arms_images/coa__alessandro_de_medici_pope_leone_xi=-ch-b.png,1
coat-of-arms_images/coa__alessandro_de_medici_pope_leone_xi=-ch-eh.png,1
coat-of-arms_images/coa__alessandro_de_medici_pope_leone_xi=-ch-el.png,1
coat-of-arms_images/coa__alessandro_de_medici_pope_leone_xi=-ch-et.png,1
coat-of-arms_images/coa__alessandro_de_medici_pope_leone_xi=-ch.png,1
coat-of-arms_images/coa__alessandro_de_medici_pope_leone_xi=-cl-b-eh.png,1
coat-of-arms_images/coa__alessandro_de_medici_pope_leone_xi=-cl-b-el.png,1
coat-of-arms_images/coa__alessandro_de_medici_pope_leone_xi=-cl-b-et.png,1
coat-of-arms_images/coa__alessandro_de_medici_pope_leone_xi=-cl-b.png,1
coat-of-arms_images/coa__alessandro_de_medici_pope_leone_xi=-cl-eh.png,1
coat-of-arms_images/coa__alessandro_de_medici_pope_leone_xi=-cl-el.png,1
coat-of-arms_images/coa__alessandro_de_medici_pope_leone_xi=-cl-et.png,1
coat-of-arms_images/coa__alessandro_de_medici_pope_leone_xi=-cl.png,1
coat-of-arms_images/coa__alessandro_de_medici_pope_leone_xi=-ct-b-eh.png,1
coat-of-arms_images/coa__alessandro_de_medici_pope_leone_xi=-ct-b-el.png,1
coat-of-arms_images/coa__alessandro_de_medici_pope_leone_xi=-ct-b-et.png,1
coat-of-arms_images/coa__alessandro_de_medici_pope_leone_xi=-ct-b.png,1
coat-of-arms_images/coa__alessandro_de_medici_pope_leone_xi=-ct-eh.png,1
coat-of-arms_images/coa__alessandro_de_medici_pope_leone_xi=-ct-el.png,1
coat-of-arms_images/coa__alessandro_de_medici_pope_leone_xi=-ct-et.png,1
coat-of-arms_images/coa__alessandro_de_medici_pope_leone_xi=-ct.png,1
coat-of-arms_images/coa__alessandro_de_medici_pope_leone_xi=-eh.png,1
coat-of-arms_images/coa__alessandro_de_medici_pope_leone_xi=-el.png,1
coat-of-arms_images/coa__alessandro_de_medici_pope_leone_xi=-et.png,1
coat-of-arms_images/coa__alessandro_de_medici_pope_leone_xi=.png,1
coat-of-arms_images/coa__alessandro_farnese_paolo_iii_paull_iii=-b-eh.png,2
coat-of-arms_images/coa__alessandro_farnese_paolo_iii_paull_iii=-b-el.png,2
coat-of-arms_images/coa__alessandro_farnese_paolo_iii_paull_iii=-b-et.png,2
coat-of-arms_images/coa__alessandro_farnese_paolo_iii_paull_iii=-b.png,2
coat-of-arms_images/coa__alessandro_farnese_paolo_iii_paull_iii=-ch-b-eh.png,2
coat-of-arms_images/coa__alessandro_farnese_paolo_iii_paull_iii=-ch-b-el.png,2
coat-of-arms_images/coa__alessandro_farnese_paolo_iii_paull_iii=-ch-b-et.png,2
coat-of-arms_images/coa__alessandro_farnese_paolo_iii_paull_iii=-ch-b.png,2
coat-of-arms_images/coa__alessandro_farnese_paolo_iii_paull_iii=-ch-eh.png,2
coat-of-arms_images/coa__alessandro_farnese_paolo_iii_paull_iii=-ch-el.png,2
coat-of-arms_images/coa__alessandro_farnese_paolo_iii_paull_iii=-ch-et.png,2
coat-of-arms_images/coa__alessandro_farnese_paolo_iii_paull_iii=-ch.png,2
coat-of-arms_images/coa__alessandro_farnese_paolo_iii_paull_iii=-cl-b-eh.png,2
coat-of-arms_images/coa__alessandro_farnese_paolo_iii_paull_iii=-cl-b-el.png,2
coat-of-arms_images/coa__alessandro_farnese_paolo_iii_paull_iii=-cl-b-et.png,2
coat-of-arms_images/coa__alessandro_farnese_paolo_iii_paull_iii=-cl-b.png,2
coat-of-arms_images/coa__alessandro_farnese_paolo_iii_paull_iii=-cl-eh.png,2
coat-of-arms_images/coa__alessandro_farnese_paolo_iii_paull_iii=-cl-el.png,2
coat-of-arms_images/coa__alessandro_farnese_paolo_iii_paull_iii=-cl-et.png,2
coat-of-arms_images/coa__alessandro_farnese_paolo_iii_paull_iii=-cl.png,2
coat-of-arms_images/coa__alessandro_farnese_paolo_iii_paull_iii=-ct-b-eh.png,2
coat-of-arms_images/coa__alessandro_farnese_paolo_iii_paull_iii=-ct-b-el.png,2
coat-of-arms_images/coa__alessandro_farnese_paolo_iii_paull_iii=-ct-b-et.png,2
coat-of-arms_images/coa__alessandro_farnese_paolo_iii_paull_iii=-ct-b.png,2
coat-of-arms_images/coa__alessandro_farnese_paolo_iii_paull_iii=-ct-eh.png,2
coat-of-arms_images/coa__alessandro_farnese_paolo_iii_paull_iii=-ct-el.png,2
coat-of-arms_images/coa__alessandro_farnese_paolo_iii_paull_iii=-ct-et.png,2
coat-of-arms_images/coa__alessandro_farnese_paolo_iii_paull_iii=-ct.png,2
coat-of-arms_images/coa__alessandro_farnese_paolo_iii_paull_iii=-eh.png,2
coat-of-arms_images/coa__alessandro_farnese_paolo_iii_paull_iii=-el.png,2
coat-of-arms_images/coa__alessandro_farnese_paolo_iii_paull_iii=-et.png,2
coat-of-arms_images/coa__alessandro_farnese_paolo_iii_paull_iii=.png,2
coat-of-arms_images/coa__benedetto_odescalchi_innocenzo_xi_pope_innocent_xi=-b-eh.png,3
coat-of-arms_images/coa__benedetto_odescalchi_innocenzo_xi_pope_innocent_xi=-b-el.png,3
coat-of-arms_images/coa__benedetto_odescalchi_innocenzo_xi_pope_innocent_xi=-b-et.png,3
coat-of-arms_images/coa__benedetto_odescalchi_innocenzo_xi_pope_innocent_xi=-b.png,3
coat-of-arms_images/coa__benedetto_odescalchi_innocenzo_xi_pope_innocent_xi=-ch-b-eh.png,3
coat-of-arms_images/coa__benedetto_odescalchi_innocenzo_xi_pope_innocent_xi=-ch-b-el.png,3
coat-of-arms_images/coa__benedetto_odescalchi_innocenzo_xi_pope_innocent_xi=-ch-b-et.png,3
coat-of-arms_images/coa__benedetto_odescalchi_innocenzo_xi_pope_innocent_xi=-ch-b.png,3
coat-of-arms_images/coa__benedetto_odescalchi_innocenzo_xi_pope_innocent_xi=-ch-eh.png,3
coat-of-arms_images/coa__benedetto_odescalchi_innocenzo_xi_pope_innocent_xi=-ch-el.png,3
coat-of-arms_images/coa__benedetto_odescalchi_innocenzo_xi_pope_innocent_xi=-ch-et.png,3
coat-of-arms_images/coa__benedetto_odescalchi_innocenzo_xi_pope_innocent_xi=-ch.png,3
coat-of-arms_images/coa__benedetto_odescalchi_innocenzo_xi_pope_innocent_xi=-cl-b-eh.png,3
coat-of-arms_images/coa__benedetto_odescalchi_innocenzo_xi_pope_innocent_xi=-cl-b-el.png,3
coat-of-arms_images/coa__benedetto_odescalchi_innocenzo_xi_pope_innocent_xi=-cl-b-et.png,3
coat-of-arms_images/coa__benedetto_odescalchi_innocenzo_xi_pope_innocent_xi=-cl-b.png,3
coat-of-arms_images/coa__benedetto_odescalchi_innocenzo_xi_pope_innocent_xi=-cl-eh.png,3
coat-of-arms_images/coa__benedetto_odescalchi_innocenzo_xi_pope_innocent_xi=-cl-el.png,3
coat-of-arms_images/coa__benedetto_odescalchi_innocenzo_xi_pope_innocent_xi=-cl-et.png,3
coat-of-arms_images/coa__benedetto_odescalchi_innocenzo_xi_pope_innocent_xi=-cl.png,3
coat-of-arms_images/coa__benedetto_odescalchi_innocenzo_xi_pope_innocent_xi=-ct-b-eh.png,3
coat-of-arms_images/coa__benedetto_odescalchi_innocenzo_xi_pope_innocent_xi=-ct-b-el.png,3
coat-of-arms_images/coa__benedetto_odescalchi_innocenzo_xi_pope_innocent_xi=-ct-b-et.png,3
coat-of-arms_images/coa__benedetto_odescalchi_innocenzo_xi_pope_innocent_xi=-ct-b.png,3
coat-of-arms_images/coa__benedetto_odescalchi_innocenzo_xi_pope_innocent_xi=-ct-eh.png,3
coat-of-arms_images/coa__benedetto_odescalchi_innocenzo_xi_pope_innocent_xi=-ct-el.png,3
coat-of-arms_images/coa__benedetto_odescalchi_innocenzo_xi_pope_innocent_xi=-ct-et.png,3
coat-of-arms_images/coa__benedetto_odescalchi_innocenzo_xi_pope_innocent_xi=-ct.png,3
coat-of-arms_images/coa__benedetto_odescalchi_innocenzo_xi_pope_innocent_xi=-eh.png,3
coat-of-arms_images/coa__benedetto_odescalchi_innocenzo_xi_pope_innocent_xi=-el.png,3
coat-of-arms_images/coa__benedetto_odescalchi_innocenzo_xi_pope_innocent_xi=-et.png,3
coat-of-arms_images/coa__benedetto_odescalchi_innocenzo_xi_pope_innocent_xi=.png,3
coat-of-arms_images/coa__camillo_borghese_paolo_v_pope_paul_v=-b-eh.png,4
coat-of-arms_images/coa__camillo_borghese_paolo_v_pope_paul_v=-b-el.png,4
coat-of-arms_images/coa__camillo_borghese_paolo_v_pope_paul_v=-b-et.png,4
coat-of-arms_images/coa__camillo_borghese_paolo_v_pope_paul_v=-b.png,4
coat-of-arms_images/coa__camillo_borghese_paolo_v_pope_paul_v=-ch-b-eh.png,4
coat-of-arms_images/coa__camillo_borghese_paolo_v_pope_paul_v=-ch-b-el.png,4
coat-of-arms_images/coa__camillo_borghese_paolo_v_pope_paul_v=-ch-b-et.png,4
coat-of-arms_images/coa__camillo_borghese_paolo_v_pope_paul_v=-ch-b.png,4
coat-of-arms_images/coa__camillo_borghese_paolo_v_pope_paul_v=-ch-eh.png,4
coat-of-arms_images/coa__camillo_borghese_paolo_v_pope_paul_v=-ch-el.png,4
coat-of-arms_images/coa__camillo_borghese_paolo_v_pope_paul_v=-ch-et.png,4
coat-of-arms_images/coa__camillo_borghese_paolo_v_pope_paul_v=-ch.png,4
coat-of-arms_images/coa__camillo_borghese_paolo_v_pope_paul_v=-cl-b-eh.png,4
coat-of-arms_images/coa__camillo_borghese_paolo_v_pope_paul_v=-cl-b-el.png,4
coat-of-arms_images/coa__camillo_borghese_paolo_v_pope_paul_v=-cl-b-et.png,4
coat-of-arms_images/coa__camillo_borghese_paolo_v_pope_paul_v=-cl-b.png,4
coat-of-arms_images/coa__camillo_borghese_paolo_v_pope_paul_v=-cl-eh.png,4
coat-of-arms_images/coa__camillo_borghese_paolo_v_pope_paul_v=-cl-el.png,4
coat-of-arms_images/coa__camillo_borghese_paolo_v_pope_paul_v=-cl-et.png,4
coat-of-arms_images/coa__camillo_borghese_paolo_v_pope_paul_v=-cl.png,4
coat-of-arms_images/coa__camillo_borghese_paolo_v_pope_paul_v=-ct-b-eh.png,4
coat-of-arms_images/coa__camillo_borghese_paolo_v_pope_paul_v=-ct-b-el.png,4
coat-of-arms_images/coa__camillo_borghese_paolo_v_pope_paul_v=-ct-b-et.png,4
coat-of-arms_images/coa__camillo_borghese_paolo_v_pope_paul_v=-ct-b.png,4
coat-of-arms_images/coa__camillo_borghese_paolo_v_pope_paul_v=-ct-eh.png,4
coat-of-arms_images/coa__camillo_borghese_paolo_v_pope_paul_v=-ct-el.png,4
coat-of-arms_images/coa__camillo_borghese_paolo_v_pope_paul_v=-ct-et.png,4
coat-of-arms_images/coa__camillo_borghese_paolo_v_pope_paul_v=-ct.png,4
coat-of-arms_images/coa__camillo_borghese_paolo_v_pope_paul_v=-eh.png,4
coat-of-arms_images/coa__camillo_borghese_paolo_v_pope_paul_v=-el.png,4
coat-of-arms_images/coa__camillo_borghese_paolo_v_pope_paul_v=-et.png,4
coat-of-arms_images/coa__camillo_borghese_paolo_v_pope_paul_v=.png,4
coat-of-arms_images/coa__charles_iv__holy_roman_emperor=-b-eh.png,5
coat-of-arms_images/coa__charles_iv__holy_roman_emperor=-b-el.png,5
coat-of-arms_images/coa__charles_iv__holy_roman_emperor=-b-et.png,5
coat-of-arms_images/coa__charles_iv__holy_roman_emperor=-b.png,5
coat-of-arms_images/coa__charles_iv__holy_roman_emperor=-ch-b-eh.png,5
coat-of-arms_images/coa__charles_iv__holy_roman_emperor=-ch-b-el.png,5
coat-of-arms_images/coa__charles_iv__holy_roman_emperor=-ch-b-et.png,5
coat-of-arms_images/coa__charles_iv__holy_roman_emperor=-ch-b.png,5
coat-of-arms_images/coa__charles_iv__holy_roman_emperor=-ch-eh.png,5
coat-of-arms_images/coa__charles_iv__holy_roman_emperor=-ch-el.png,5
coat-of-arms_images/coa__charles_iv__holy_roman_emperor=-ch-et.png,5
coat-of-arms_images/coa__charles_iv__holy_roman_emperor=-ch.png,5
coat-of-arms_images/coa__charles_iv__holy_roman_emperor=-cl-b-eh.png,5
coat-of-arms_images/coa__charles_iv__holy_roman_emperor=-cl-b-el.png,5
coat-of-arms_images/coa__charles_iv__holy_roman_emperor=-cl-b-et.png,5
coat-of-arms_images/coa__charles_iv__holy_roman_emperor=-cl-b.png,5
coat-of-arms_images/coa__charles_iv__holy_roman_emperor=-cl-eh.png,5
coat-of-arms_images/coa__charles_iv__holy_roman_emperor=-cl-el.png,5
coat-of-arms_images/coa__charles_iv__holy_roman_emperor=-cl-et.png,5
coat-of-arms_images/coa__charles_iv__holy_roman_emperor=-cl.png,5
coat-of-arms_images/coa__charles_iv__holy_roman_emperor=-ct-b-eh.png,5
coat-of-arms_images/coa__charles_iv__holy_roman_emperor=-ct-b-el.png,5
coat-of-arms_images/coa__charles_iv__holy_roman_emperor=-ct-b-et.png,5
coat-of-arms_images/coa__charles_iv__holy_roman_emperor=-ct-b.png,5
coat-of-arms_images/coa__charles_iv__holy_roman_emperor=-ct-eh.png,5
coat-of-arms_images/coa__charles_iv__holy_roman_emperor=-ct-el.png,5
coat-of-arms_images/coa__charles_iv__holy_roman_emperor=-ct-et.png,5
coat-of-arms_images/coa__charles_iv__holy_roman_emperor=-ct.png,5
coat-of-arms_images/coa__charles_iv__holy_roman_emperor=-eh.png,5
coat-of-arms_images/coa__charles_iv__holy_roman_emperor=-el.png,5
coat-of-arms_images/coa__charles_iv__holy_roman_emperor=-et.png,5
coat-of-arms_images/coa__charles_iv__holy_roman_emperor=.png,5
coat-of-arms_images/coa__colonna_family_prince_of_paliano=-b-eh.png,6
coat-of-arms_images/coa__colonna_family_prince_of_paliano=-b-el.png,6
coat-of-arms_images/coa__colonna_family_prince_of_paliano=-b-et.png,6
coat-of-arms_images/coa__colonna_family_prince_of_paliano=-b.png,6
coat-of-arms_images/coa__colonna_family_prince_of_paliano=-ch-b-eh.png,6
coat-of-arms_images/coa__colonna_family_prince_of_paliano=-ch-b-el.png,6
coat-of-arms_images/coa__colonna_family_prince_of_paliano=-ch-b-et.png,6
coat-of-arms_images/coa__colonna_family_prince_of_paliano=-ch-b.png,6
coat-of-arms_images/coa__colonna_family_prince_of_paliano=-ch-eh.png,6
coat-of-arms_images/coa__colonna_family_prince_of_paliano=-ch-el.png,6
coat-of-arms_images/coa__colonna_family_prince_of_paliano=-ch-et.png,6
coat-of-arms_images/coa__colonna_family_prince_of_paliano=-ch.png,6
coat-of-arms_images/coa__colonna_family_prince_of_paliano=-cl-b-eh.png,6
coat-of-arms_images/coa__colonna_family_prince_of_paliano=-cl-b-el.png,6
coat-of-arms_images/coa__colonna_family_prince_of_paliano=-cl-b-et.png,6
coat-of-arms_images/coa__colonna_family_prince_of_paliano=-cl-b.png,6
coat-of-arms_images/coa__colonna_family_prince_of_paliano=-cl-eh.png,6
coat-of-arms_images/coa__colonna_family_prince_of_paliano=-cl-el.png,6
coat-of-arms_images/coa__colonna_family_prince_of_paliano=-cl-et.png,6
coat-of-arms_images/coa__colonna_family_prince_of_paliano=-cl.png,6
coat-of-arms_images/coa__colonna_family_prince_of_paliano=-ct-b-eh.png,6
coat-of-arms_images/coa__colonna_family_prince_of_paliano=-ct-b-el.png,6
coat-of-arms_images/coa__colonna_family_prince_of_paliano=-ct-b-et.png,6
coat-of-arms_images/coa__colonna_family_prince_of_paliano=-ct-b.png,6
coat-of-arms_images/coa__colonna_family_prince_of_paliano=-ct-eh.png,6
coat-of-arms_images/coa__colonna_family_prince_of_paliano=-ct-el.png,6
coat-of-arms_images/coa__colonna_family_prince_of_paliano=-ct-et.png,6
coat-of-arms_images/coa__colonna_family_prince_of_paliano=-ct.png,6
coat-of-arms_images/coa__colonna_family_prince_of_paliano=-eh.png,6
coat-of-arms_images/coa__colonna_family_prince_of_paliano=-el.png,6
coat-of-arms_images/coa__colonna_family_prince_of_paliano=-et.png,6
coat-of-arms_images/coa__colonna_family_prince_of_paliano=.png,6
coat-of-arms_images/coa__ermine=-b-eh.png,7
coat-of-arms_images/coa__ermine=-b-el.png,7
coat-of-arms_images/coa__ermine=-b-et.png,7
coat-of-arms_images/coa__ermine=-b.png,7
coat-of-arms_images/coa__ermine=-ch-b-eh.png,7
coat-of-arms_images/coa__ermine=-ch-b-el.png,7
coat-of-arms_images/coa__ermine=-ch-b-et.png,7
coat-of-arms_images/coa__ermine=-ch-b.png,7
coat-of-arms_images/coa__ermine=-ch-eh.png,7
coat-of-arms_images/coa__ermine=-ch-el.png,7
coat-of-arms_images/coa__ermine=-ch-et.png,7
coat-of-arms_images/coa__ermine=-ch.png,7
coat-of-arms_images/coa__ermine=-cl-b-eh.png,7
coat-of-arms_images/coa__ermine=-cl-b-el.png,7
coat-of-arms_images/coa__ermine=-cl-b-et.png,7
coat-of-arms_images/coa__ermine=-cl-b.png,7
coat-of-arms_images/coa__ermine=-cl-eh.png,7
coat-of-arms_images/coa__ermine=-cl-el.png,7
coat-of-arms_images/coa__ermine=-cl-et.png,7
coat-of-arms_images/coa__ermine=-cl.png,7
coat-of-arms_images/coa__ermine=-ct-b-eh.png,7
coat-of-arms_images/coa__ermine=-ct-b-el.png,7
coat-of-arms_images/coa__ermine=-ct-b-et.png,7
coat-of-arms_images/coa__ermine=-ct-b.png,7
coat-of-arms_images/coa__ermine=-ct-eh.png,7
coat-of-arms_images/coa__ermine=-ct-el.png,7
coat-of-arms_images/coa__ermine=-ct-et.png,7
coat-of-arms_images/coa__ermine=-ct.png,7
coat-of-arms_images/coa__ermine=-eh.png,7
coat-of-arms_images/coa__ermine=-el.png,7
coat-of-arms_images/coa__ermine=-et.png,7
coat-of-arms_images/coa__ermine=.png,7
coat-of-arms_images/coa__fabio_chigi_alessandro_vii_pope_alexander_vii_galaleo=-b-eh.png,8
coat-of-arms_images/coa__fabio_chigi_alessandro_vii_pope_alexander_vii_galaleo=-b-el.png,8
coat-of-arms_images/coa__fabio_chigi_alessandro_vii_pope_alexander_vii_galaleo=-b-et.png,8
coat-of-arms_images/coa__fabio_chigi_alessandro_vii_pope_alexander_vii_galaleo=-b.png,8
coat-of-arms_images/coa__fabio_chigi_alessandro_vii_pope_alexander_vii_galaleo=-ch-b-eh.png,8
coat-of-arms_images/coa__fabio_chigi_alessandro_vii_pope_alexander_vii_galaleo=-ch-b-el.png,8
coat-of-arms_images/coa__fabio_chigi_alessandro_vii_pope_alexander_vii_galaleo=-ch-b-et.png,8
coat-of-arms_images/coa__fabio_chigi_alessandro_vii_pope_alexander_vii_galaleo=-ch-b.png,8
coat-of-arms_images/coa__fabio_chigi_alessandro_vii_pope_alexander_vii_galaleo=-ch-eh.png,8
coat-of-arms_images/coa__fabio_chigi_alessandro_vii_pope_alexander_vii_galaleo=-ch-el.png,8
coat-of-arms_images/coa__fabio_chigi_alessandro_vii_pope_alexander_vii_galaleo=-ch-et.png,8
coat-of-arms_images/coa__fabio_chigi_alessandro_vii_pope_alexander_vii_galaleo=-ch.png,8
coat-of-arms_images/coa__fabio_chigi_alessandro_vii_pope_alexander_vii_galaleo=-cl-b-eh.png,8
coat-of-arms_images/coa__fabio_chigi_alessandro_vii_pope_alexander_vii_galaleo=-cl-b-el.png,8
coat-of-arms_images/coa__fabio_chigi_alessandro_vii_pope_alexander_vii_galaleo=-cl-b-et.png,8
coat-of-arms_images/coa__fabio_chigi_alessandro_vii_pope_alexander_vii_galaleo=-cl-b.png,8
coat-of-arms_images/coa__fabio_chigi_alessandro_vii_pope_alexander_vii_galaleo=-cl-eh.png,8
coat-of-arms_images/coa__fabio_chigi_alessandro_vii_pope_alexander_vii_galaleo=-cl-el.png,8
coat-of-arms_images/coa__fabio_chigi_alessandro_vii_pope_alexander_vii_galaleo=-cl-et.png,8
coat-of-arms_images/coa__fabio_chigi_alessandro_vii_pope_alexander_vii_galaleo=-cl.png,8
coat-of-arms_images/coa__fabio_chigi_alessandro_vii_pope_alexander_vii_galaleo=-ct-b-eh.png,8
coat-of-arms_images/coa__fabio_chigi_alessandro_vii_pope_alexander_vii_galaleo=-ct-b-el.png,8
coat-of-arms_images/coa__fabio_chigi_alessandro_vii_pope_alexander_vii_galaleo=-ct-b-et.png,8
coat-of-arms_images/coa__fabio_chigi_alessandro_vii_pope_alexander_vii_galaleo=-ct-b.png,8
coat-of-arms_images/coa__fabio_chigi_alessandro_vii_pope_alexander_vii_galaleo=-ct-eh.png,8
coat-of-arms_images/coa__fabio_chigi_alessandro_vii_pope_alexander_vii_galaleo=-ct-el.png,8
coat-of-arms_images/coa__fabio_chigi_alessandro_vii_pope_alexander_vii_galaleo=-ct-et.png,8
coat-of-arms_images/coa__fabio_chigi_alessandro_vii_pope_alexander_vii_galaleo=-ct.png,8
coat-of-arms_images/coa__fabio_chigi_alessandro_vii_pope_alexander_vii_galaleo=-eh.png,8
coat-of-arms_images/coa__fabio_chigi_alessandro_vii_pope_alexander_vii_galaleo=-el.png,8
coat-of-arms_images/coa__fabio_chigi_alessandro_vii_pope_alexander_vii_galaleo=-et.png,8
coat-of-arms_images/coa__fabio_chigi_alessandro_vii_pope_alexander_vii_galaleo=.png,8
coat-of-arms_images/coa__fam_ita_pamphili=-b-eh.png,9
coat-of-arms_images/coa__fam_ita_pamphili=-b-el.png,9
coat-of-arms_images/coa__fam_ita_pamphili=-b-et.png,9
coat-of-arms_images/coa__fam_ita_pamphili=-b.png,9
coat-of-arms_images/coa__fam_ita_pamphili=-ch-b-eh.png,9
coat-of-arms_images/coa__fam_ita_pamphili=-ch-b-el.png,9
coat-of-arms_images/coa__fam_ita_pamphili=-ch-b-et.png,9
coat-of-arms_images/coa__fam_ita_pamphili=-ch-b.png,9
coat-of-arms_images/coa__fam_ita_pamphili=-ch-eh.png,9
coat-of-arms_images/coa__fam_ita_pamphili=-ch-el.png,9
coat-of-arms_images/coa__fam_ita_pamphili=-ch-et.png,9
coat-of-arms_images/coa__fam_ita_pamphili=-ch.png,9
coat-of-arms_images/coa__fam_ita_pamphili=-cl-b-eh.png,9
coat-of-arms_images/coa__fam_ita_pamphili=-cl-b-el.png,9
coat-of-arms_images/coa__fam_ita_pamphili=-cl-b-et.png,9
coat-of-arms_images/coa__fam_ita_pamphili=-cl-b.png,9
coat-of-arms_images/coa__fam_ita_pamphili=-cl-eh.png,9
coat-of-arms_images/coa__fam_ita_pamphili=-cl-el.png,9
coat-of-arms_images/coa__fam_ita_pamphili=-cl-et.png,9
coat-of-arms_images/coa__fam_ita_pamphili=-cl.png,9
coat-of-arms_images/coa__fam_ita_pamphili=-ct-b-eh.png,9
coat-of-arms_images/coa__fam_ita_pamphili=-ct-b-el.png,9
coat-of-arms_images/coa__fam_ita_pamphili=-ct-b-et.png,9
coat-of-arms_images/coa__fam_ita_pamphili=-ct-b.png,9
coat-of-arms_images/coa__fam_ita_pamphili=-ct-eh.png,9
coat-of-arms_images/coa__fam_ita_pamphili=-ct-el.png,9
coat-of-arms_images/coa__fam_ita_pamphili=-ct-et.png,9
coat-of-arms_images/coa__fam_ita_pamphili=-ct.png,9
coat-of-arms_images/coa__fam_ita_pamphili=-eh.png,9
coat-of-arms_images/coa__fam_ita_pamphili=-el.png,9
coat-of-arms_images/coa__fam_ita_pamphili=-et.png,9
coat-of-arms_images/coa__fam_ita_pamphili=.png,9
coat-of-arms_images/coa__felice_peretti_pope_sisto_v_pope_sixtus_v=-b-eh.png,10
coat-of-arms_images/coa__felice_peretti_pope_sisto_v_pope_sixtus_v=-b-el.png,10
coat-of-arms_images/coa__felice_peretti_pope_sisto_v_pope_sixtus_v=-b-et.png,10
coat-of-arms_images/coa__felice_peretti_pope_sisto_v_pope_sixtus_v=-b.png,10
coat-of-arms_images/coa__felice_peretti_pope_sisto_v_pope_sixtus_v=-ch-b-eh.png,10
coat-of-arms_images/coa__felice_peretti_pope_sisto_v_pope_sixtus_v=-ch-b-el.png,10
coat-of-arms_images/coa__felice_peretti_pope_sisto_v_pope_sixtus_v=-ch-b-et.png,10
coat-of-arms_images/coa__felice_peretti_pope_sisto_v_pope_sixtus_v=-ch-b.png,10
coat-of-arms_images/coa__felice_peretti_pope_sisto_v_pope_sixtus_v=-ch-eh.png,10
coat-of-arms_images/coa__felice_peretti_pope_sisto_v_pope_sixtus_v=-ch-el.png,10
coat-of-arms_images/coa__felice_peretti_pope_sisto_v_pope_sixtus_v=-ch-et.png,10
coat-of-arms_images/coa__felice_peretti_pope_sisto_v_pope_sixtus_v=-ch.png,10
coat-of-arms_images/coa__felice_peretti_pope_sisto_v_pope_sixtus_v=-cl-b-eh.png,10
coat-of-arms_images/coa__felice_peretti_pope_sisto_v_pope_sixtus_v=-cl-b-el.png,10
coat-of-arms_images/coa__felice_peretti_pope_sisto_v_pope_sixtus_v=-cl-b-et.png,10
coat-of-arms_images/coa__felice_peretti_pope_sisto_v_pope_sixtus_v=-cl-b.png,10
coat-of-arms_images/coa__felice_peretti_pope_sisto_v_pope_sixtus_v=-cl-eh.png,10
coat-of-arms_images/coa__felice_peretti_pope_sisto_v_pope_sixtus_v=-cl-el.png,10
coat-of-arms_images/coa__felice_peretti_pope_sisto_v_pope_sixtus_v=-cl-et.png,10
coat-of-arms_images/coa__felice_peretti_pope_sisto_v_pope_sixtus_v=-cl.png,10
coat-of-arms_images/coa__felice_peretti_pope_sisto_v_pope_sixtus_v=-ct-b-eh.png,10
coat-of-arms_images/coa__felice_peretti_pope_sisto_v_pope_sixtus_v=-ct-b-el.png,10
coat-of-arms_images/coa__felice_peretti_pope_sisto_v_pope_sixtus_v=-ct-b-et.png,10
coat-of-arms_images/coa__felice_peretti_pope_sisto_v_pope_sixtus_v=-ct-b.png,10
coat-of-arms_images/coa__felice_peretti_pope_sisto_v_pope_sixtus_v=-ct-eh.png,10
coat-of-arms_images/coa__felice_peretti_pope_sisto_v_pope_sixtus_v=-ct-el.png,10
coat-of-arms_images/coa__felice_peretti_pope_sisto_v_pope_sixtus_v=-ct-et.png,10
coat-of-arms_images/coa__felice_peretti_pope_sisto_v_pope_sixtus_v=-ct.png,10
coat-of-arms_images/coa__felice_peretti_pope_sisto_v_pope_sixtus_v=-eh.png,10
coat-of-arms_images/coa__felice_peretti_pope_sisto_v_pope_sixtus_v=-el.png,10
coat-of-arms_images/coa__felice_peretti_pope_sisto_v_pope_sixtus_v=-et.png,10
coat-of-arms_images/coa__felice_peretti_pope_sisto_v_pope_sixtus_v=.png,10
coat-of-arms_images/coa__francesco_della_rovere_pope_sisto_iv_pope_sixtus_iv=-b-eh.png,11
coat-of-arms_images/coa__francesco_della_rovere_pope_sisto_iv_pope_sixtus_iv=-b-el.png,11
coat-of-arms_images/coa__francesco_della_rovere_pope_sisto_iv_pope_sixtus_iv=-b-et.png,11
coat-of-arms_images/coa__francesco_della_rovere_pope_sisto_iv_pope_sixtus_iv=-b.png,11
coat-of-arms_images/coa__francesco_della_rovere_pope_sisto_iv_pope_sixtus_iv=-ch-b-eh.png,11
coat-of-arms_images/coa__francesco_della_rovere_pope_sisto_iv_pope_sixtus_iv=-ch-b-el.png,11
coat-of-arms_images/coa__francesco_della_rovere_pope_sisto_iv_pope_sixtus_iv=-ch-b-et.png,11
coat-of-arms_images/coa__francesco_della_rovere_pope_sisto_iv_pope_sixtus_iv=-ch-b.png,11
coat-of-arms_images/coa__francesco_della_rovere_pope_sisto_iv_pope_sixtus_iv=-ch-eh.png,11
coat-of-arms_images/coa__francesco_della_rovere_pope_sisto_iv_pope_sixtus_iv=-ch-el.png,11
coat-of-arms_images/coa__francesco_della_rovere_pope_sisto_iv_pope_sixtus_iv=-ch-et.png,11
coat-of-arms_images/coa__francesco_della_rovere_pope_sisto_iv_pope_sixtus_iv=-ch.png,11
coat-of-arms_images/coa__francesco_della_rovere_pope_sisto_iv_pope_sixtus_iv=-cl-b-eh.png,11
coat-of-arms_images/coa__francesco_della_rovere_pope_sisto_iv_pope_sixtus_iv=-cl-b-el.png,11
coat-of-arms_images/coa__francesco_della_rovere_pope_sisto_iv_pope_sixtus_iv=-cl-b-et.png,11
coat-of-arms_images/coa__francesco_della_rovere_pope_sisto_iv_pope_sixtus_iv=-cl-b.png,11
coat-of-arms_images/coa__francesco_della_rovere_pope_sisto_iv_pope_sixtus_iv=-cl-eh.png,11
coat-of-arms_images/coa__francesco_della_rovere_pope_sisto_iv_pope_sixtus_iv=-cl-el.png,11
coat-of-arms_images/coa__francesco_della_rovere_pope_sisto_iv_pope_sixtus_iv=-cl-et.png,11
coat-of-arms_images/coa__francesco_della_rovere_pope_sisto_iv_pope_sixtus_iv=-cl.png,11
coat-of-arms_images/coa__francesco_della_rovere_pope_sisto_iv_pope_sixtus_iv=-ct-b-eh.png,11
coat-of-arms_images/coa__francesco_della_rovere_pope_sisto_iv_pope_sixtus_iv=-ct-b-el.png,11
coat-of-arms_images/coa__francesco_della_rovere_pope_sisto_iv_pope_sixtus_iv=-ct-b-et.png,11
coat-of-arms_images/coa__francesco_della_rovere_pope_sisto_iv_pope_sixtus_iv=-ct-b.png,11
coat-of-arms_images/coa__francesco_della_rovere_pope_sisto_iv_pope_sixtus_iv=-ct-eh.png,11
coat-of-arms_images/coa__francesco_della_rovere_pope_sisto_iv_pope_sixtus_iv=-ct-el.png,11
coat-of-arms_images/coa__francesco_della_rovere_pope_sisto_iv_pope_sixtus_iv=-ct-et.png,11
coat-of-arms_images/coa__francesco_della_rovere_pope_sisto_iv_pope_sixtus_iv=-ct.png,11
coat-of-arms_images/coa__francesco_della_rovere_pope_sisto_iv_pope_sixtus_iv=-eh.png,11
coat-of-arms_images/coa__francesco_della_rovere_pope_sisto_iv_pope_sixtus_iv=-el.png,11
coat-of-arms_images/coa__francesco_della_rovere_pope_sisto_iv_pope_sixtus_iv=-et.png,11
coat-of-arms_images/coa__francesco_della_rovere_pope_sisto_iv_pope_sixtus_iv=.png,11
coat-of-arms_images/coa__francesco_todeschini_piccolomini_pope_pio_iii_pope_pius_iii=-b-eh.png,12
coat-of-arms_images/coa__francesco_todeschini_piccolomini_pope_pio_iii_pope_pius_iii=-b-el.png,12
coat-of-arms_images/coa__francesco_todeschini_piccolomini_pope_pio_iii_pope_pius_iii=-b-et.png,12
coat-of-arms_images/coa__francesco_todeschini_piccolomini_pope_pio_iii_pope_pius_iii=-b.png,12
coat-of-arms_images/coa__francesco_todeschini_piccolomini_pope_pio_iii_pope_pius_iii=-ch-b-eh.png,12
coat-of-arms_images/coa__francesco_todeschini_piccolomini_pope_pio_iii_pope_pius_iii=-ch-b-el.png,12
coat-of-arms_images/coa__francesco_todeschini_piccolomini_pope_pio_iii_pope_pius_iii=-ch-b-et.png,12
coat-of-arms_images/coa__francesco_todeschini_piccolomini_pope_pio_iii_pope_pius_iii=-ch-b.png,12
coat-of-arms_images/coa__francesco_todeschini_piccolomini_pope_pio_iii_pope_pius_iii=-ch-eh.png,12
coat-of-arms_images/coa__francesco_todeschini_piccolomini_pope_pio_iii_pope_pius_iii=-ch-el.png,12
coat-of-arms_images/coa__francesco_todeschini_piccolomini_pope_pio_iii_pope_pius_iii=-ch-et.png,12
coat-of-arms_images/coa__francesco_todeschini_piccolomini_pope_pio_iii_pope_pius_iii=-ch.png,12
coat-of-arms_images/coa__francesco_todeschini_piccolomini_pope_pio_iii_pope_pius_iii=-cl-b-eh.png,12
coat-of-arms_images/coa__francesco_todeschini_piccolomini_pope_pio_iii_pope_pius_iii=-cl-b-el.png,12
coat-of-arms_images/coa__francesco_todeschini_piccolomini_pope_pio_iii_pope_pius_iii=-cl-b-et.png,12
coat-of-arms_images/coa__francesco_todeschini_piccolomini_pope_pio_iii_pope_pius_iii=-cl-b.png,12
coat-of-arms_images/coa__francesco_todeschini_piccolomini_pope_pio_iii_pope_pius_iii=-cl-eh.png,12
coat-of-arms_images/coa__francesco_todeschini_piccolomini_pope_pio_iii_pope_pius_iii=-cl-el.png,12
coat-of-arms_images/coa__francesco_todeschini_piccolomini_pope_pio_iii_pope_pius_iii=-cl-et.png,12
coat-of-arms_images/coa__francesco_todeschini_piccolomini_pope_pio_iii_pope_pius_iii=-cl.png,12
coat-of-arms_images/coa__francesco_todeschini_piccolomini_pope_pio_iii_pope_pius_iii=-ct-b-eh.png,12
coat-of-arms_images/coa__francesco_todeschini_piccolomini_pope_pio_iii_pope_pius_iii=-ct-b-el.png,12
coat-of-arms_images/coa__francesco_todeschini_piccolomini_pope_pio_iii_pope_pius_iii=-ct-b-et.png,12
coat-of-arms_images/coa__francesco_todeschini_piccolomini_pope_pio_iii_pope_pius_iii=-ct-b.png,12
coat-of-arms_images/coa__francesco_todeschini_piccolomini_pope_pio_iii_pope_pius_iii=-ct-eh.png,12
coat-of-arms_images/coa__francesco_todeschini_piccolomini_pope_pio_iii_pope_pius_iii=-ct-el.png,12
coat-of-arms_images/coa__francesco_todeschini_piccolomini_pope_pio_iii_pope_pius_iii=-ct-et.png,12
coat-of-arms_images/coa__francesco_todeschini_piccolomini_pope_pio_iii_pope_pius_iii=-ct.png,12
coat-of-arms_images/coa__francesco_todeschini_piccolomini_pope_pio_iii_pope_pius_iii=-eh.png,12
coat-of-arms_images/coa__francesco_todeschini_piccolomini_pope_pio_iii_pope_pius_iii=-el.png,12
coat-of-arms_images/coa__francesco_todeschini_piccolomini_pope_pio_iii_pope_pius_iii=-et.png,12
coat-of-arms_images/coa__francesco_todeschini_piccolomini_pope_pio_iii_pope_pius_iii=.png,12
coat-of-arms_images/coa__giovanni_de_medici_pope_leone_x=-b-eh.png,13
coat-of-arms_images/coa__giovanni_de_medici_pope_leone_x=-b-el.png,13
coat-of-arms_images/coa__giovanni_de_medici_pope_leone_x=-b-et.png,13
coat-of-arms_images/coa__giovanni_de_medici_pope_leone_x=-b.png,13
coat-of-arms_images/coa__giovanni_de_medici_pope_leone_x=-ch-b-eh.png,13
coat-of-arms_images/coa__giovanni_de_medici_pope_leone_x=-ch-b-el.png,13
coat-of-arms_images/coa__giovanni_de_medici_pope_leone_x=-ch-b-et.png,13
coat-of-arms_images/coa__giovanni_de_medici_pope_leone_x=-ch-b.png,13
coat-of-arms_images/coa__giovanni_de_medici_pope_leone_x=-ch-eh.png,13
coat-of-arms_images/coa__giovanni_de_medici_pope_leone_x=-ch-el.png,13
coat-of-arms_images/coa__giovanni_de_medici_pope_leone_x=-ch-et.png,13
coat-of-arms_images/coa__giovanni_de_medici_pope_leone_x=-ch.png,13
coat-of-arms_images/coa__giovanni_de_medici_pope_leone_x=-cl-b-eh.png,13
coat-of-arms_images/coa__giovanni_de_medici_pope_leone_x=-cl-b-el.png,13
coat-of-arms_images/coa__giovanni_de_medici_pope_leone_x=-cl-b-et.png,13
coat-of-arms_images/coa__giovanni_de_medici_pope_leone_x=-cl-b.png,13
coat-of-arms_images/coa__giovanni_de_medici_pope_leone_x=-cl-eh.png,13
coat-of-arms_images/coa__giovanni_de_medici_pope_leone_x=-cl-el.png,13
coat-of-arms_images/coa__giovanni_de_medici_pope_leone_x=-cl-et.png,13
coat-of-arms_images/coa__giovanni_de_medici_pope_leone_x=-cl.png,13
coat-of-arms_images/coa__giovanni_de_medici_pope_leone_x=-ct-b-eh.png,13
coat-of-arms_images/coa__giovanni_de_medici_pope_leone_x=-ct-b-el.png,13
coat-of-arms_images/coa__giovanni_de_medici_pope_leone_x=-ct-b-et.png,13
coat-of-arms_images/coa__giovanni_de_medici_pope_leone_x=-ct-b.png,13
coat-of-arms_images/coa__giovanni_de_medici_pope_leone_x=-ct-eh.png,13
coat-of-arms_images/coa__giovanni_de_medici_pope_leone_x=-ct-el.png,13
coat-of-arms_images/coa__giovanni_de_medici_pope_leone_x=-ct-et.png,13
coat-of-arms_images/coa__giovanni_de_medici_pope_leone_x=-ct.png,13
coat-of-arms_images/coa__giovanni_de_medici_pope_leone_x=-eh.png,13
coat-of-arms_images/coa__giovanni_de_medici_pope_leone_x=-el.png,13
coat-of-arms_images/coa__giovanni_de_medici_pope_leone_x=-et.png,13
coat-of-arms_images/coa__giovanni_de_medici_pope_leone_x=.png,13
coat-of-arms_images/coa__giuliano_della_roviere_pope_giulio_ii_pope_julius_ii=-b-eh.png,14
coat-of-arms_images/coa__giuliano_della_roviere_pope_giulio_ii_pope_julius_ii=-b-el.png,14
coat-of-arms_images/coa__giuliano_della_roviere_pope_giulio_ii_pope_julius_ii=-b-et.png,14
coat-of-arms_images/coa__giuliano_della_roviere_pope_giulio_ii_pope_julius_ii=-b.png,14
coat-of-arms_images/coa__giuliano_della_roviere_pope_giulio_ii_pope_julius_ii=-ch-b-eh.png,14
coat-of-arms_images/coa__giuliano_della_roviere_pope_giulio_ii_pope_julius_ii=-ch-b-el.png,14
coat-of-arms_images/coa__giuliano_della_roviere_pope_giulio_ii_pope_julius_ii=-ch-b-et.png,14
coat-of-arms_images/coa__giuliano_della_roviere_pope_giulio_ii_pope_julius_ii=-ch-b.png,14
coat-of-arms_images/coa__giuliano_della_roviere_pope_giulio_ii_pope_julius_ii=-ch-eh.png,14
coat-of-arms_images/coa__giuliano_della_roviere_pope_giulio_ii_pope_julius_ii=-ch-el.png,14
coat-of-arms_images/coa__giuliano_della_roviere_pope_giulio_ii_pope_julius_ii=-ch-et.png,14
coat-of-arms_images/coa__giuliano_della_roviere_pope_giulio_ii_pope_julius_ii=-ch.png,14
coat-of-arms_images/coa__giuliano_della_roviere_pope_giulio_ii_pope_julius_ii=-cl-b-eh.png,14
coat-of-arms_images/coa__giuliano_della_roviere_pope_giulio_ii_pope_julius_ii=-cl-b-el.png,14
coat-of-arms_images/coa__giuliano_della_roviere_pope_giulio_ii_pope_julius_ii=-cl-b-et.png,14
coat-of-arms_images/coa__giuliano_della_roviere_pope_giulio_ii_pope_julius_ii=-cl-b.png,14
coat-of-arms_images/coa__giuliano_della_roviere_pope_giulio_ii_pope_julius_ii=-cl-eh.png,14
coat-of-arms_images/coa__giuliano_della_roviere_pope_giulio_ii_pope_julius_ii=-cl-el.png,14
coat-of-arms_images/coa__giuliano_della_roviere_pope_giulio_ii_pope_julius_ii=-cl-et.png,14
coat-of-arms_images/coa__giuliano_della_roviere_pope_giulio_ii_pope_julius_ii=-cl.png,14
coat-of-arms_images/coa__giuliano_della_roviere_pope_giulio_ii_pope_julius_ii=-ct-b-eh.png,14
coat-of-arms_images/coa__giuliano_della_roviere_pope_giulio_ii_pope_julius_ii=-ct-b-el.png,14
coat-of-arms_images/coa__giuliano_della_roviere_pope_giulio_ii_pope_julius_ii=-ct-b-et.png,14
coat-of-arms_images/coa__giuliano_della_roviere_pope_giulio_ii_pope_julius_ii=-ct-b.png,14
coat-of-arms_images/coa__giuliano_della_roviere_pope_giulio_ii_pope_julius_ii=-ct-eh.png,14
coat-of-arms_images/coa__giuliano_della_roviere_pope_giulio_ii_pope_julius_ii=-ct-el.png,14
coat-of-arms_images/coa__giuliano_della_roviere_pope_giulio_ii_pope_julius_ii=-ct-et.png,14
coat-of-arms_images/coa__giuliano_della_roviere_pope_giulio_ii_pope_julius_ii=-ct.png,14
coat-of-arms_images/coa__giuliano_della_roviere_pope_giulio_ii_pope_julius_ii=-eh.png,14
coat-of-arms_images/coa__giuliano_della_roviere_pope_giulio_ii_pope_julius_ii=-el.png,14
coat-of-arms_images/coa__giuliano_della_roviere_pope_giulio_ii_pope_julius_ii=-et.png,14
coat-of-arms_images/coa__giuliano_della_roviere_pope_giulio_ii_pope_julius_ii=.png,14
coat-of-arms_images/coa__house_of_gonzaga=-b-eh.png,15
coat-of-arms_images/coa__house_of_gonzaga=-b-el.png,15
coat-of-arms_images/coa__house_of_gonzaga=-b-et.png,15
coat-of-arms_images/coa__house_of_gonzaga=-b.png,15
coat-of-arms_images/coa__house_of_gonzaga=-ch-b-eh.png,15
coat-of-arms_images/coa__house_of_gonzaga=-ch-b-el.png,15
coat-of-arms_images/coa__house_of_gonzaga=-ch-b-et.png,15
coat-of-arms_images/coa__house_of_gonzaga=-ch-b.png,15
coat-of-arms_images/coa__house_of_gonzaga=-ch-eh.png,15
coat-of-arms_images/coa__house_of_gonzaga=-ch-el.png,15
coat-of-arms_images/coa__house_of_gonzaga=-ch-et.png,15
coat-of-arms_images/coa__house_of_gonzaga=-ch.png,15
coat-of-arms_images/coa__house_of_gonzaga=-cl-b-eh.png,15
coat-of-arms_images/coa__house_of_gonzaga=-cl-b-el.png,15
coat-of-arms_images/coa__house_of_gonzaga=-cl-b-et.png,15
coat-of-arms_images/coa__house_of_gonzaga=-cl-b.png,15
coat-of-arms_images/coa__house_of_gonzaga=-cl-eh.png,15
coat-of-arms_images/coa__house_of_gonzaga=-cl-el.png,15
coat-of-arms_images/coa__house_of_gonzaga=-cl-et.png,15
coat-of-arms_images/coa__house_of_gonzaga=-cl.png,15
coat-of-arms_images/coa__house_of_gonzaga=-ct-b-eh.png,15
coat-of-arms_images/coa__house_of_gonzaga=-ct-b-el.png,15
coat-of-arms_images/coa__house_of_gonzaga=-ct-b-et.png,15
coat-of-arms_images/coa__house_of_gonzaga=-ct-b.png,15
coat-of-arms_images/coa__house_of_gonzaga=-ct-eh.png,15
coat-of-arms_images/coa__house_of_gonzaga=-ct-el.png,15
coat-of-arms_images/coa__house_of_gonzaga=-ct-et.png,15
coat-of-arms_images/coa__house_of_gonzaga=-ct.png,15
coat-of-arms_images/coa__house_of_gonzaga=-eh.png,15
coat-of-arms_images/coa__house_of_gonzaga=-el.png,15
coat-of-arms_images/coa__house_of_gonzaga=-et.png,15
coat-of-arms_images/coa__house_of_gonzaga=.png,15
coat-of-arms_images/coa__house_of_luxembourg_bohemia_charles_iv=-b-eh.png,16
coat-of-arms_images/coa__house_of_luxembourg_bohemia_charles_iv=-b-el.png,16
coat-of-arms_images/coa__house_of_luxembourg_bohemia_charles_iv=-b-et.png,16
coat-of-arms_images/coa__house_of_luxembourg_bohemia_charles_iv=-b.png,16
coat-of-arms_images/coa__house_of_luxembourg_bohemia_charles_iv=-ch-b-eh.png,16
coat-of-arms_images/coa__house_of_luxembourg_bohemia_charles_iv=-ch-b-el.png,16
coat-of-arms_images/coa__house_of_luxembourg_bohemia_charles_iv=-ch-b-et.png,16
coat-of-arms_images/coa__house_of_luxembourg_bohemia_charles_iv=-ch-b.png,16
coat-of-arms_images/coa__house_of_luxembourg_bohemia_charles_iv=-ch-eh.png,16
coat-of-arms_images/coa__house_of_luxembourg_bohemia_charles_iv=-ch-el.png,16
coat-of-arms_images/coa__house_of_luxembourg_bohemia_charles_iv=-ch-et.png,16
coat-of-arms_images/coa__house_of_luxembourg_bohemia_charles_iv=-ch.png,16
coat-of-arms_images/coa__house_of_luxembourg_bohemia_charles_iv=-cl-b-eh.png,16
coat-of-arms_images/coa__house_of_luxembourg_bohemia_charles_iv=-cl-b-el.png,16
coat-of-arms_images/coa__house_of_luxembourg_bohemia_charles_iv=-cl-b-et.png,16
coat-of-arms_images/coa__house_of_luxembourg_bohemia_charles_iv=-cl-b.png,16
coat-of-arms_images/coa__house_of_luxembourg_bohemia_charles_iv=-cl-eh.png,16
coat-of-arms_images/coa__house_of_luxembourg_bohemia_charles_iv=-cl-el.png,16
coat-of-arms_images/coa__house_of_luxembourg_bohemia_charles_iv=-cl-et.png,16
coat-of-arms_images/coa__house_of_luxembourg_bohemia_charles_iv=-cl.png,16
coat-of-arms_images/coa__house_of_luxembourg_bohemia_charles_iv=-ct-b-eh.png,16
coat-of-arms_images/coa__house_of_luxembourg_bohemia_charles_iv=-ct-b-el.png,16
coat-of-arms_images/coa__house_of_luxembourg_bohemia_charles_iv=-ct-b-et.png,16
coat-of-arms_images/coa__house_of_luxembourg_bohemia_charles_iv=-ct-b.png,16
coat-of-arms_images/coa__house_of_luxembourg_bohemia_charles_iv=-ct-eh.png,16
coat-of-arms_images/coa__house_of_luxembourg_bohemia_charles_iv=-ct-el.png,16
coat-of-arms_images/coa__house_of_luxembourg_bohemia_charles_iv=-ct-et.png,16
coat-of-arms_images/coa__house_of_luxembourg_bohemia_charles_iv=-ct.png,16
coat-of-arms_images/coa__house_of_luxembourg_bohemia_charles_iv=-eh.png,16
coat-of-arms_images/coa__house_of_luxembourg_bohemia_charles_iv=-el.png,16
coat-of-arms_images/coa__house_of_luxembourg_bohemia_charles_iv=-et.png,16
coat-of-arms_images/coa__house_of_luxembourg_bohemia_charles_iv=.png,16
coat-of-arms_images/coa__house_of_wittelsbach_munich_armoiries_bavie=-b-eh.png,17
coat-of-arms_images/coa__house_of_wittelsbach_munich_armoiries_bavie=-b-el.png,17
coat-of-arms_images/coa__house_of_wittelsbach_munich_armoiries_bavie=-b-et.png,17
coat-of-arms_images/coa__house_of_wittelsbach_munich_armoiries_bavie=-b.png,17
coat-of-arms_images/coa__house_of_wittelsbach_munich_armoiries_bavie=-ch-b-eh.png,17
coat-of-arms_images/coa__house_of_wittelsbach_munich_armoiries_bavie=-ch-b-el.png,17
coat-of-arms_images/coa__house_of_wittelsbach_munich_armoiries_bavie=-ch-b-et.png,17
coat-of-arms_images/coa__house_of_wittelsbach_munich_armoiries_bavie=-ch-b.png,17
coat-of-arms_images/coa__house_of_wittelsbach_munich_armoiries_bavie=-ch-eh.png,17
coat-of-arms_images/coa__house_of_wittelsbach_munich_armoiries_bavie=-ch-el.png,17
coat-of-arms_images/coa__house_of_wittelsbach_munich_armoiries_bavie=-ch-et.png,17
coat-of-arms_images/coa__house_of_wittelsbach_munich_armoiries_bavie=-ch.png,17
coat-of-arms_images/coa__house_of_wittelsbach_munich_armoiries_bavie=-cl-b-eh.png,17
coat-of-arms_images/coa__house_of_wittelsbach_munich_armoiries_bavie=-cl-b-el.png,17
coat-of-arms_images/coa__house_of_wittelsbach_munich_armoiries_bavie=-cl-b-et.png,17
coat-of-arms_images/coa__house_of_wittelsbach_munich_armoiries_bavie=-cl-b.png,17
coat-of-arms_images/coa__house_of_wittelsbach_munich_armoiries_bavie=-cl-eh.png,17
coat-of-arms_images/coa__house_of_wittelsbach_munich_armoiries_bavie=-cl-el.png,17
coat-of-arms_images/coa__house_of_wittelsbach_munich_armoiries_bavie=-cl-et.png,17
coat-of-arms_images/coa__house_of_wittelsbach_munich_armoiries_bavie=-cl.png,17
coat-of-arms_images/coa__house_of_wittelsbach_munich_armoiries_bavie=-ct-b-eh.png,17
coat-of-arms_images/coa__house_of_wittelsbach_munich_armoiries_bavie=-ct-b-el.png,17
coat-of-arms_images/coa__house_of_wittelsbach_munich_armoiries_bavie=-ct-b-et.png,17
coat-of-arms_images/coa__house_of_wittelsbach_munich_armoiries_bavie=-ct-b.png,17
coat-of-arms_images/coa__house_of_wittelsbach_munich_armoiries_bavie=-ct-eh.png,17
coat-of-arms_images/coa__house_of_wittelsbach_munich_armoiries_bavie=-ct-el.png,17
coat-of-arms_images/coa__house_of_wittelsbach_munich_armoiries_bavie=-ct-et.png,17
coat-of-arms_images/coa__house_of_wittelsbach_munich_armoiries_bavie=-ct.png,17
coat-of-arms_images/coa__house_of_wittelsbach_munich_armoiries_bavie=-eh.png,17
coat-of-arms_images/coa__house_of_wittelsbach_munich_armoiries_bavie=-el.png,17
coat-of-arms_images/coa__house_of_wittelsbach_munich_armoiries_bavie=-et.png,17
coat-of-arms_images/coa__house_of_wittelsbach_munich_armoiries_bavie=.png,17
coat-of-arms_images/coa__hungary=-b-eh.png,18
coat-of-arms_images/coa__hungary=-b-el.png,18
coat-of-arms_images/coa__hungary=-b-et.png,18
coat-of-arms_images/coa__hungary=-b.png,18
coat-of-arms_images/coa__hungary=-ch-b-eh.png,18
coat-of-arms_images/coa__hungary=-ch-b-el.png,18
coat-of-arms_images/coa__hungary=-ch-b-et.png,18
coat-of-arms_images/coa__hungary=-ch-b.png,18
coat-of-arms_images/coa__hungary=-ch-eh.png,18
coat-of-arms_images/coa__hungary=-ch-el.png,18
coat-of-arms_images/coa__hungary=-ch-et.png,18
coat-of-arms_images/coa__hungary=-ch.png,18
coat-of-arms_images/coa__hungary=-cl-b-eh.png,18
coat-of-arms_images/coa__hungary=-cl-b-el.png,18
coat-of-arms_images/coa__hungary=-cl-b-et.png,18
coat-of-arms_images/coa__hungary=-cl-b.png,18
coat-of-arms_images/coa__hungary=-cl-eh.png,18
coat-of-arms_images/coa__hungary=-cl-el.png,18
coat-of-arms_images/coa__hungary=-cl-et.png,18
coat-of-arms_images/coa__hungary=-cl.png,18
coat-of-arms_images/coa__hungary=-ct-b-eh.png,18
coat-of-arms_images/coa__hungary=-ct-b-el.png,18
coat-of-arms_images/coa__hungary=-ct-b-et.png,18
coat-of-arms_images/coa__hungary=-ct-b.png,18
coat-of-arms_images/coa__hungary=-ct-eh.png,18
coat-of-arms_images/coa__hungary=-ct-el.png,18
coat-of-arms_images/coa__hungary=-ct-et.png,18
coat-of-arms_images/coa__hungary=-ct.png,18
coat-of-arms_images/coa__hungary=-eh.png,18
coat-of-arms_images/coa__hungary=-el.png,18
coat-of-arms_images/coa__hungary=-et.png,18
coat-of-arms_images/coa__hungary=.png,18
coat-of-arms_images/coa__maffeo_barberini_urbano_viii_pope_urbanus_viii=-b-eh.png,19
coat-of-arms_images/coa__maffeo_barberini_urbano_viii_pope_urbanus_viii=-b-el.png,19
coat-of-arms_images/coa__maffeo_barberini_urbano_viii_pope_urbanus_viii=-b-et.png,19
coat-of-arms_images/coa__maffeo_barberini_urbano_viii_pope_urbanus_viii=-b.png,19
coat-of-arms_images/coa__maffeo_barberini_urbano_viii_pope_urbanus_viii=-ch-b-eh.png,19
coat-of-arms_images/coa__maffeo_barberini_urbano_viii_pope_urbanus_viii=-ch-b-el.png,19
coat-of-arms_images/coa__maffeo_barberini_urbano_viii_pope_urbanus_viii=-ch-b-et.png,19
coat-of-arms_images/coa__maffeo_barberini_urbano_viii_pope_urbanus_viii=-ch-b.png,19
coat-of-arms_images/coa__maffeo_barberini_urbano_viii_pope_urbanus_viii=-ch-eh.png,19
coat-of-arms_images/coa__maffeo_barberini_urbano_viii_pope_urbanus_viii=-ch-el.png,19
coat-of-arms_images/coa__maffeo_barberini_urbano_viii_pope_urbanus_viii=-ch-et.png,19
coat-of-arms_images/coa__maffeo_barberini_urbano_viii_pope_urbanus_viii=-ch.png,19
coat-of-arms_images/coa__maffeo_barberini_urbano_viii_pope_urbanus_viii=-cl-b-eh.png,19
coat-of-arms_images/coa__maffeo_barberini_urbano_viii_pope_urbanus_viii=-cl-b-el.png,19
coat-of-arms_images/coa__maffeo_barberini_urbano_viii_pope_urbanus_viii=-cl-b-et.png,19
coat-of-arms_images/coa__maffeo_barberini_urbano_viii_pope_urbanus_viii=-cl-b.png,19
coat-of-arms_images/coa__maffeo_barberini_urbano_viii_pope_urbanus_viii=-cl-eh.png,19
coat-of-arms_images/coa__maffeo_barberini_urbano_viii_pope_urbanus_viii=-cl-el.png,19
coat-of-arms_images/coa__maffeo_barberini_urbano_viii_pope_urbanus_viii=-cl-et.png,19
coat-of-arms_images/coa__maffeo_barberini_urbano_viii_pope_urbanus_viii=-cl.png,19
coat-of-arms_images/coa__maffeo_barberini_urbano_viii_pope_urbanus_viii=-ct-b-eh.png,19
coat-of-arms_images/coa__maffeo_barberini_urbano_viii_pope_urbanus_viii=-ct-b-el.png,19
coat-of-arms_images/coa__maffeo_barberini_urbano_viii_pope_urbanus_viii=-ct-b-et.png,19
coat-of-arms_images/coa__maffeo_barberini_urbano_viii_pope_urbanus_viii=-ct-b.png,19
coat-of-arms_images/coa__maffeo_barberini_urbano_viii_pope_urbanus_viii=-ct-eh.png,19
coat-of-arms_images/coa__maffeo_barberini_urbano_viii_pope_urbanus_viii=-ct-el.png,19
coat-of-arms_images/coa__maffeo_barberini_urbano_viii_pope_urbanus_viii=-ct-et.png,19
coat-of-arms_images/coa__maffeo_barberini_urbano_viii_pope_urbanus_viii=-ct.png,19
coat-of-arms_images/coa__maffeo_barberini_urbano_viii_pope_urbanus_viii=-eh.png,19
coat-of-arms_images/coa__maffeo_barberini_urbano_viii_pope_urbanus_viii=-el.png,19
coat-of-arms_images/coa__maffeo_barberini_urbano_viii_pope_urbanus_viii=-et.png,19
coat-of-arms_images/coa__maffeo_barberini_urbano_viii_pope_urbanus_viii=.png,19
coat-of-arms_images/coa__malta=-b-eh.png,20
coat-of-arms_images/coa__malta=-b-el.png,20
coat-of-arms_images/coa__malta=-b-et.png,20
coat-of-arms_images/coa__malta=-b.png,20
coat-of-arms_images/coa__malta=-ch-b-eh.png,20
coat-of-arms_images/coa__malta=-ch-b-el.png,20
coat-of-arms_images/coa__malta=-ch-b-et.png,20
coat-of-arms_images/coa__malta=-ch-b.png,20
coat-of-arms_images/coa__malta=-ch-eh.png,20
coat-of-arms_images/coa__malta=-ch-el.png,20
coat-of-arms_images/coa__malta=-ch-et.png,20
coat-of-arms_images/coa__malta=-ch.png,20
coat-of-arms_images/coa__malta=-cl-b-eh.png,20
coat-of-arms_images/coa__malta=-cl-b-el.png,20
coat-of-arms_images/coa__malta=-cl-b-et.png,20
coat-of-arms_images/coa__malta=-cl-b.png,20
coat-of-arms_images/coa__malta=-cl-eh.png,20
coat-of-arms_images/coa__malta=-cl-el.png,20
coat-of-arms_images/coa__malta=-cl-et.png,20
coat-of-arms_images/coa__malta=-cl.png,20
coat-of-arms_images/coa__malta=-ct-b-eh.png,20
coat-of-arms_images/coa__malta=-ct-b-el.png,20
coat-of-arms_images/coa__malta=-ct-b-et.png,20
coat-of-arms_images/coa__malta=-ct-b.png,20
coat-of-arms_images/coa__malta=-ct-eh.png,20
coat-of-arms_images/coa__malta=-ct-el.png,20
coat-of-arms_images/coa__malta=-ct-et.png,20
coat-of-arms_images/coa__malta=-ct.png,20
coat-of-arms_images/coa__malta=-eh.png,20
coat-of-arms_images/coa__malta=-el.png,20
coat-of-arms_images/coa__malta=-et.png,20
coat-of-arms_images/coa__malta=.png,20
coat-of-arms_images/coa__medici_5_red_1_blue_french_royal_lily=-b-eh.png,21
coat-of-arms_images/coa__medici_5_red_1_blue_french_royal_lily=-b-el.png,21
coat-of-arms_images/coa__medici_5_red_1_blue_french_royal_lily=-b-et.png,21
coat-of-arms_images/coa__medici_5_red_1_blue_french_royal_lily=-b.png,21
coat-of-arms_images/coa__medici_5_red_1_blue_french_royal_lily=-ch-b-eh.png,21
coat-of-arms_images/coa__medici_5_red_1_blue_french_royal_lily=-ch-b-el.png,21
coat-of-arms_images/coa__medici_5_red_1_blue_french_royal_lily=-ch-b-et.png,21
coat-of-arms_images/coa__medici_5_red_1_blue_french_royal_lily=-ch-b.png,21
coat-of-arms_images/coa__medici_5_red_1_blue_french_royal_lily=-ch-eh.png,21
coat-of-arms_images/coa__medici_5_red_1_blue_french_royal_lily=-ch-el.png,21
coat-of-arms_images/coa__medici_5_red_1_blue_french_royal_lily=-ch-et.png,21
coat-of-arms_images/coa__medici_5_red_1_blue_french_royal_lily=-ch.png,21
coat-of-arms_images/coa__medici_5_red_1_blue_french_royal_lily=-cl-b-eh.png,21
coat-of-arms_images/coa__medici_5_red_1_blue_french_royal_lily=-cl-b-el.png,21
coat-of-arms_images/coa__medici_5_red_1_blue_french_royal_lily=-cl-b-et.png,21
coat-of-arms_images/coa__medici_5_red_1_blue_french_royal_lily=-cl-b.png,21
coat-of-arms_images/coa__medici_5_red_1_blue_french_royal_lily=-cl-eh.png,21
coat-of-arms_images/coa__medici_5_red_1_blue_french_royal_lily=-cl-el.png,21
coat-of-arms_images/coa__medici_5_red_1_blue_french_royal_lily=-cl-et.png,21
coat-of-arms_images/coa__medici_5_red_1_blue_french_royal_lily=-cl.png,21
coat-of-arms_images/coa__medici_5_red_1_blue_french_royal_lily=-ct-b-eh.png,21
coat-of-arms_images/coa__medici_5_red_1_blue_french_royal_lily=-ct-b-el.png,21
coat-of-arms_images/coa__medici_5_red_1_blue_french_royal_lily=-ct-b-et.png,21
coat-of-arms_images/coa__medici_5_red_1_blue_french_royal_lily=-ct-b.png,21
coat-of-arms_images/coa__medici_5_red_1_blue_french_royal_lily=-ct-eh.png,21
coat-of-arms_images/coa__medici_5_red_1_blue_french_royal_lily=-ct-el.png,21
coat-of-arms_images/coa__medici_5_red_1_blue_french_royal_lily=-ct-et.png,21
coat-of-arms_images/coa__medici_5_red_1_blue_french_royal_lily=-ct.png,21
coat-of-arms_images/coa__medici_5_red_1_blue_french_royal_lily=-eh.png,21
coat-of-arms_images/coa__medici_5_red_1_blue_french_royal_lily=-el.png,21
coat-of-arms_images/coa__medici_5_red_1_blue_french_royal_lily=-et.png,21
coat-of-arms_images/coa__medici_5_red_1_blue_french_royal_lily=.png,21
coat-of-arms_images/coa__medici_6_red_balls=-b-eh.png,22
coat-of-arms_images/coa__medici_6_red_balls=-b-el.png,22
coat-of-arms_images/coa__medici_6_red_balls=-b-et.png,22
coat-of-arms_images/coa__medici_6_red_balls=-b.png,22
coat-of-arms_images/coa__medici_6_red_balls=-ch-b-eh.png,22
coat-of-arms_images/coa__medici_6_red_balls=-ch-b-el.png,22
coat-of-arms_images/coa__medici_6_red_balls=-ch-b-et.png,22
coat-of-arms_images/coa__medici_6_red_balls=-ch-b.png,22
coat-of-arms_images/coa__medici_6_red_balls=-ch-eh.png,22
coat-of-arms_images/coa__medici_6_red_balls=-ch-el.png,22
coat-of-arms_images/coa__medici_6_red_balls=-ch-et.png,22
coat-of-arms_images/coa__medici_6_red_balls=-ch.png,22
coat-of-arms_images/coa__medici_6_red_balls=-cl-b-eh.png,22
coat-of-arms_images/coa__medici_6_red_balls=-cl-b-el.png,22
coat-of-arms_images/coa__medici_6_red_balls=-cl-b-et.png,22
coat-of-arms_images/coa__medici_6_red_balls=-cl-b.png,22
coat-of-arms_images/coa__medici_6_red_balls=-cl-eh.png,22
coat-of-arms_images/coa__medici_6_red_balls=-cl-el.png,22
coat-of-arms_images/coa__medici_6_red_balls=-cl-et.png,22
coat-of-arms_images/coa__medici_6_red_balls=-cl.png,22
coat-of-arms_images/coa__medici_6_red_balls=-ct-b-eh.png,22
coat-of-arms_images/coa__medici_6_red_balls=-ct-b-el.png,22
coat-of-arms_images/coa__medici_6_red_balls=-ct-b-et.png,22
coat-of-arms_images/coa__medici_6_red_balls=-ct-b.png,22
coat-of-arms_images/coa__medici_6_red_balls=-ct-eh.png,22
coat-of-arms_images/coa__medici_6_red_balls=-ct-el.png,22
coat-of-arms_images/coa__medici_6_red_balls=-ct-et.png,22
coat-of-arms_images/coa__medici_6_red_balls=-ct.png,22
coat-of-arms_images/coa__medici_6_red_balls=-eh.png,22
coat-of-arms_images/coa__medici_6_red_balls=-el.png,22
coat-of-arms_images/coa__medici_6_red_balls=-et.png,22
coat-of-arms_images/coa__medici_6_red_balls=.png,22
coat-of-arms_images/coa__moorhead_hochstift_freising=-b-eh.png,23
coat-of-arms_images/coa__moorhead_hochstift_freising=-b-el.png,23
coat-of-arms_images/coa__moorhead_hochstift_freising=-b-et.png,23
coat-of-arms_images/coa__moorhead_hochstift_freising=-b.png,23
coat-of-arms_images/coa__moorhead_hochstift_freising=-ch-b-eh.png,23
coat-of-arms_images/coa__moorhead_hochstift_freising=-ch-b-el.png,23
coat-of-arms_images/coa__moorhead_hochstift_freising=-ch-b-et.png,23
coat-of-arms_images/coa__moorhead_hochstift_freising=-ch-b.png,23
coat-of-arms_images/coa__moorhead_hochstift_freising=-ch-eh.png,23
coat-of-arms_images/coa__moorhead_hochstift_freising=-ch-el.png,23
coat-of-arms_images/coa__moorhead_hochstift_freising=-ch-et.png,23
coat-of-arms_images/coa__moorhead_hochstift_freising=-ch.png,23
coat-of-arms_images/coa__moorhead_hochstift_freising=-cl-b-eh.png,23
coat-of-arms_images/coa__moorhead_hochstift_freising=-cl-b-el.png,23
coat-of-arms_images/coa__moorhead_hochstift_freising=-cl-b-et.png,23
coat-of-arms_images/coa__moorhead_hochstift_freising=-cl-b.png,23
coat-of-arms_images/coa__moorhead_hochstift_freising=-cl-eh.png,23
coat-of-arms_images/coa__moorhead_hochstift_freising=-cl-el.png,23
coat-of-arms_images/coa__moorhead_hochstift_freising=-cl-et.png,23
coat-of-arms_images/coa__moorhead_hochstift_freising=-cl.png,23
coat-of-arms_images/coa__moorhead_hochstift_freising=-ct-b-eh.png,23
coat-of-arms_images/coa__moorhead_hochstift_freising=-ct-b-el.png,23
coat-of-arms_images/coa__moorhead_hochstift_freising=-ct-b-et.png,23
coat-of-arms_images/coa__moorhead_hochstift_freising=-ct-b.png,23
coat-of-arms_images/coa__moorhead_hochstift_freising=-ct-eh.png,23
coat-of-arms_images/coa__moorhead_hochstift_freising=-ct-el.png,23
coat-of-arms_images/coa__moorhead_hochstift_freising=-ct-et.png,23
coat-of-arms_images/coa__moorhead_hochstift_freising=-ct.png,23
coat-of-arms_images/coa__moorhead_hochstift_freising=-eh.png,23
coat-of-arms_images/coa__moorhead_hochstift_freising=-el.png,23
coat-of-arms_images/coa__moorhead_hochstift_freising=-et.png,23
coat-of-arms_images/coa__moorhead_hochstift_freising=.png,23
coat-of-arms_images/coa__pazzi_family_assasination_attempt_on_medici=-b-eh.png,24
coat-of-arms_images/coa__pazzi_family_assasination_attempt_on_medici=-b-el.png,24
coat-of-arms_images/coa__pazzi_family_assasination_attempt_on_medici=-b-et.png,24
coat-of-arms_images/coa__pazzi_family_assasination_attempt_on_medici=-b.png,24
coat-of-arms_images/coa__pazzi_family_assasination_attempt_on_medici=-ch-b-eh.png,24
coat-of-arms_images/coa__pazzi_family_assasination_attempt_on_medici=-ch-b-el.png,24
coat-of-arms_images/coa__pazzi_family_assasination_attempt_on_medici=-ch-b-et.png,24
coat-of-arms_images/coa__pazzi_family_assasination_attempt_on_medici=-ch-b.png,24
coat-of-arms_images/coa__pazzi_family_assasination_attempt_on_medici=-ch-eh.png,24
coat-of-arms_images/coa__pazzi_family_assasination_attempt_on_medici=-ch-el.png,24
coat-of-arms_images/coa__pazzi_family_assasination_attempt_on_medici=-ch-et.png,24
coat-of-arms_images/coa__pazzi_family_assasination_attempt_on_medici=-ch.png,24
coat-of-arms_images/coa__pazzi_family_assasination_attempt_on_medici=-cl-b-eh.png,24
coat-of-arms_images/coa__pazzi_family_assasination_attempt_on_medici=-cl-b-el.png,24
coat-of-arms_images/coa__pazzi_family_assasination_attempt_on_medici=-cl-b-et.png,24
coat-of-arms_images/coa__pazzi_family_assasination_attempt_on_medici=-cl-b.png,24
coat-of-arms_images/coa__pazzi_family_assasination_attempt_on_medici=-cl-eh.png,24
coat-of-arms_images/coa__pazzi_family_assasination_attempt_on_medici=-cl-el.png,24
coat-of-arms_images/coa__pazzi_family_assasination_attempt_on_medici=-cl-et.png,24
coat-of-arms_images/coa__pazzi_family_assasination_attempt_on_medici=-cl.png,24
coat-of-arms_images/coa__pazzi_family_assasination_attempt_on_medici=-ct-b-eh.png,24
coat-of-arms_images/coa__pazzi_family_assasination_attempt_on_medici=-ct-b-el.png,24
coat-of-arms_images/coa__pazzi_family_assasination_attempt_on_medici=-ct-b-et.png,24
coat-of-arms_images/coa__pazzi_family_assasination_attempt_on_medici=-ct-b.png,24
coat-of-arms_images/coa__pazzi_family_assasination_attempt_on_medici=-ct-eh.png,24
coat-of-arms_images/coa__pazzi_family_assasination_attempt_on_medici=-ct-el.png,24
coat-of-arms_images/coa__pazzi_family_assasination_attempt_on_medici=-ct-et.png,24
coat-of-arms_images/coa__pazzi_family_assasination_attempt_on_medici=-ct.png,24
coat-of-arms_images/coa__pazzi_family_assasination_attempt_on_medici=-eh.png,24
coat-of-arms_images/coa__pazzi_family_assasination_attempt_on_medici=-el.png,24
coat-of-arms_images/coa__pazzi_family_assasination_attempt_on_medici=-et.png,24
coat-of-arms_images/coa__pazzi_family_assasination_attempt_on_medici=.png,24
coat-of-arms_images/coa__pazzi_family_assasination_attempt_on_medici_2=-b-eh.png,25
coat-of-arms_images/coa__pazzi_family_assasination_attempt_on_medici_2=-b-el.png,25
coat-of-arms_images/coa__pazzi_family_assasination_attempt_on_medici_2=-b-et.png,25
coat-of-arms_images/coa__pazzi_family_assasination_attempt_on_medici_2=-b.png,25
coat-of-arms_images/coa__pazzi_family_assasination_attempt_on_medici_2=-ch-b-eh.png,25
coat-of-arms_images/coa__pazzi_family_assasination_attempt_on_medici_2=-ch-b-el.png,25
coat-of-arms_images/coa__pazzi_family_assasination_attempt_on_medici_2=-ch-b-et.png,25
coat-of-arms_images/coa__pazzi_family_assasination_attempt_on_medici_2=-ch-b.png,25
coat-of-arms_images/coa__pazzi_family_assasination_attempt_on_medici_2=-ch-eh.png,25
coat-of-arms_images/coa__pazzi_family_assasination_attempt_on_medici_2=-ch-el.png,25
coat-of-arms_images/coa__pazzi_family_assasination_attempt_on_medici_2=-ch-et.png,25
coat-of-arms_images/coa__pazzi_family_assasination_attempt_on_medici_2=-ch.png,25
coat-of-arms_images/coa__pazzi_family_assasination_attempt_on_medici_2=-cl-b-eh.png,25
coat-of-arms_images/coa__pazzi_family_assasination_attempt_on_medici_2=-cl-b-el.png,25
coat-of-arms_images/coa__pazzi_family_assasination_attempt_on_medici_2=-cl-b-et.png,25
coat-of-arms_images/coa__pazzi_family_assasination_attempt_on_medici_2=-cl-b.png,25
coat-of-arms_images/coa__pazzi_family_assasination_attempt_on_medici_2=-cl-eh.png,25
coat-of-arms_images/coa__pazzi_family_assasination_attempt_on_medici_2=-cl-el.png,25
coat-of-arms_images/coa__pazzi_family_assasination_attempt_on_medici_2=-cl-et.png,25
coat-of-arms_images/coa__pazzi_family_assasination_attempt_on_medici_2=-cl.png,25
coat-of-arms_images/coa__pazzi_family_assasination_attempt_on_medici_2=-ct-b-eh.png,25
coat-of-arms_images/coa__pazzi_family_assasination_attempt_on_medici_2=-ct-b-el.png,25
coat-of-arms_images/coa__pazzi_family_assasination_attempt_on_medici_2=-ct-b-et.png,25
coat-of-arms_images/coa__pazzi_family_assasination_attempt_on_medici_2=-ct-b.png,25
coat-of-arms_images/coa__pazzi_family_assasination_attempt_on_medici_2=-ct-eh.png,25
coat-of-arms_images/coa__pazzi_family_assasination_attempt_on_medici_2=-ct-el.png,25
coat-of-arms_images/coa__pazzi_family_assasination_attempt_on_medici_2=-ct-et.png,25
coat-of-arms_images/coa__pazzi_family_assasination_attempt_on_medici_2=-ct.png,25
coat-of-arms_images/coa__pazzi_family_assasination_attempt_on_medici_2=-eh.png,25
coat-of-arms_images/coa__pazzi_family_assasination_attempt_on_medici_2=-el.png,25
coat-of-arms_images/coa__pazzi_family_assasination_attempt_on_medici_2=-et.png,25
coat-of-arms_images/coa__pazzi_family_assasination_attempt_on_medici_2=.png,25
coat-of-arms_images/coa__philip_ii_of_spain=-b-eh.png,26
coat-of-arms_images/coa__philip_ii_of_spain=-b-el.png,26
coat-of-arms_images/coa__philip_ii_of_spain=-b-et.png,26
coat-of-arms_images/coa__philip_ii_of_spain=-b.png,26
coat-of-arms_images/coa__philip_ii_of_spain=-ch-b-eh.png,26
coat-of-arms_images/coa__philip_ii_of_spain=-ch-b-el.png,26
coat-of-arms_images/coa__philip_ii_of_spain=-ch-b-et.png,26
coat-of-arms_images/coa__philip_ii_of_spain=-ch-b.png,26
coat-of-arms_images/coa__philip_ii_of_spain=-ch-eh.png,26
coat-of-arms_images/coa__philip_ii_of_spain=-ch-el.png,26
coat-of-arms_images/coa__philip_ii_of_spain=-ch-et.png,26
coat-of-arms_images/coa__philip_ii_of_spain=-ch.png,26
coat-of-arms_images/coa__philip_ii_of_spain=-cl-b-eh.png,26
coat-of-arms_images/coa__philip_ii_of_spain=-cl-b-el.png,26
coat-of-arms_images/coa__philip_ii_of_spain=-cl-b-et.png,26
coat-of-arms_images/coa__philip_ii_of_spain=-cl-b.png,26
coat-of-arms_images/coa__philip_ii_of_spain=-cl-eh.png,26
coat-of-arms_images/coa__philip_ii_of_spain=-cl-el.png,26
coat-of-arms_images/coa__philip_ii_of_spain=-cl-et.png,26
coat-of-arms_images/coa__philip_ii_of_spain=-cl.png,26
coat-of-arms_images/coa__philip_ii_of_spain=-ct-b-eh.png,26
coat-of-arms_images/coa__philip_ii_of_spain=-ct-b-el.png,26
coat-of-arms_images/coa__philip_ii_of_spain=-ct-b-et.png,26
coat-of-arms_images/coa__philip_ii_of_spain=-ct-b.png,26
coat-of-arms_images/coa__philip_ii_of_spain=-ct-eh.png,26
coat-of-arms_images/coa__philip_ii_of_spain=-ct-el.png,26
coat-of-arms_images/coa__philip_ii_of_spain=-ct-et.png,26
coat-of-arms_images/coa__philip_ii_of_spain=-ct.png,26
coat-of-arms_images/coa__philip_ii_of_spain=-eh.png,26
coat-of-arms_images/coa__philip_ii_of_spain=-el.png,26
coat-of-arms_images/coa__philip_ii_of_spain=-et.png,26
coat-of-arms_images/coa__philip_ii_of_spain=.png,26
coat-of-arms_images/coa__phrygian_colombia=-b-eh.png,27
coat-of-arms_images/coa__phrygian_colombia=-b-el.png,27
coat-of-arms_images/coa__phrygian_colombia=-b-et.png,27
coat-of-arms_images/coa__phrygian_colombia=-b.png,27
coat-of-arms_images/coa__phrygian_colombia=-ch-b-eh.png,27
coat-of-arms_images/coa__phrygian_colombia=-ch-b-el.png,27
coat-of-arms_images/coa__phrygian_colombia=-ch-b-et.png,27
coat-of-arms_images/coa__phrygian_colombia=-ch-b.png,27
coat-of-arms_images/coa__phrygian_colombia=-ch-eh.png,27
coat-of-arms_images/coa__phrygian_colombia=-ch-el.png,27
coat-of-arms_images/coa__phrygian_colombia=-ch-et.png,27
coat-of-arms_images/coa__phrygian_colombia=-ch.png,27
coat-of-arms_images/coa__phrygian_colombia=-cl-b-eh.png,27
coat-of-arms_images/coa__phrygian_colombia=-cl-b-el.png,27
coat-of-arms_images/coa__phrygian_colombia=-cl-b-et.png,27
coat-of-arms_images/coa__phrygian_colombia=-cl-b.png,27
coat-of-arms_images/coa__phrygian_colombia=-cl-eh.png,27
coat-of-arms_images/coa__phrygian_colombia=-cl-el.png,27
coat-of-arms_images/coa__phrygian_colombia=-cl-et.png,27
coat-of-arms_images/coa__phrygian_colombia=-cl.png,27
coat-of-arms_images/coa__phrygian_colombia=-ct-b-eh.png,27
coat-of-arms_images/coa__phrygian_colombia=-ct-b-el.png,27
coat-of-arms_images/coa__phrygian_colombia=-ct-b-et.png,27
coat-of-arms_images/coa__phrygian_colombia=-ct-b.png,27
coat-of-arms_images/coa__phrygian_colombia=-ct-eh.png,27
coat-of-arms_images/coa__phrygian_colombia=-ct-el.png,27
coat-of-arms_images/coa__phrygian_colombia=-ct-et.png,27
coat-of-arms_images/coa__phrygian_colombia=-ct.png,27
coat-of-arms_images/coa__phrygian_colombia=-eh.png,27
coat-of-arms_images/coa__phrygian_colombia=-el.png,27
coat-of-arms_images/coa__phrygian_colombia=-et.png,27
coat-of-arms_images/coa__phrygian_colombia=.png,27
coat-of-arms_images/coa__pietro_roger_de_beaufort_gregorio_xi_pope_gregory_xi=-b-eh.png,28
coat-of-arms_images/coa__pietro_roger_de_beaufort_gregorio_xi_pope_gregory_xi=-b-el.png,28
coat-of-arms_images/coa__pietro_roger_de_beaufort_gregorio_xi_pope_gregory_xi=-b-et.png,28
coat-of-arms_images/coa__pietro_roger_de_beaufort_gregorio_xi_pope_gregory_xi=-b.png,28
coat-of-arms_images/coa__pietro_roger_de_beaufort_gregorio_xi_pope_gregory_xi=-ch-b-eh.png,28
coat-of-arms_images/coa__pietro_roger_de_beaufort_gregorio_xi_pope_gregory_xi=-ch-b-el.png,28
coat-of-arms_images/coa__pietro_roger_de_beaufort_gregorio_xi_pope_gregory_xi=-ch-b-et.png,28
coat-of-arms_images/coa__pietro_roger_de_beaufort_gregorio_xi_pope_gregory_xi=-ch-b.png,28
coat-of-arms_images/coa__pietro_roger_de_beaufort_gregorio_xi_pope_gregory_xi=-ch-eh.png,28
coat-of-arms_images/coa__pietro_roger_de_beaufort_gregorio_xi_pope_gregory_xi=-ch-el.png,28
coat-of-arms_images/coa__pietro_roger_de_beaufort_gregorio_xi_pope_gregory_xi=-ch-et.png,28
coat-of-arms_images/coa__pietro_roger_de_beaufort_gregorio_xi_pope_gregory_xi=-ch.png,28
coat-of-arms_images/coa__pietro_roger_de_beaufort_gregorio_xi_pope_gregory_xi=-cl-b-eh.png,28
coat-of-arms_images/coa__pietro_roger_de_beaufort_gregorio_xi_pope_gregory_xi=-cl-b-el.png,28
coat-of-arms_images/coa__pietro_roger_de_beaufort_gregorio_xi_pope_gregory_xi=-cl-b-et.png,28
coat-of-arms_images/coa__pietro_roger_de_beaufort_gregorio_xi_pope_gregory_xi=-cl-b.png,28
coat-of-arms_images/coa__pietro_roger_de_beaufort_gregorio_xi_pope_gregory_xi=-cl-eh.png,28
coat-of-arms_images/coa__pietro_roger_de_beaufort_gregorio_xi_pope_gregory_xi=-cl-el.png,28
coat-of-arms_images/coa__pietro_roger_de_beaufort_gregorio_xi_pope_gregory_xi=-cl-et.png,28
coat-of-arms_images/coa__pietro_roger_de_beaufort_gregorio_xi_pope_gregory_xi=-cl.png,28
coat-of-arms_images/coa__pietro_roger_de_beaufort_gregorio_xi_pope_gregory_xi=-ct-b-eh.png,28
coat-of-arms_images/coa__pietro_roger_de_beaufort_gregorio_xi_pope_gregory_xi=-ct-b-el.png,28
coat-of-arms_images/coa__pietro_roger_de_beaufort_gregorio_xi_pope_gregory_xi=-ct-b-et.png,28
coat-of-arms_images/coa__pietro_roger_de_beaufort_gregorio_xi_pope_gregory_xi=-ct-b.png,28
coat-of-arms_images/coa__pietro_roger_de_beaufort_gregorio_xi_pope_gregory_xi=-ct-eh.png,28
coat-of-arms_images/coa__pietro_roger_de_beaufort_gregorio_xi_pope_gregory_xi=-ct-el.png,28
coat-of-arms_images/coa__pietro_roger_de_beaufort_gregorio_xi_pope_gregory_xi=-ct-et.png,28
coat-of-arms_images/coa__pietro_roger_de_beaufort_gregorio_xi_pope_gregory_xi=-ct.png,28
coat-of-arms_images/coa__pietro_roger_de_beaufort_gregorio_xi_pope_gregory_xi=-eh.png,28
coat-of-arms_images/coa__pietro_roger_de_beaufort_gregorio_xi_pope_gregory_xi=-el.png,28
coat-of-arms_images/coa__pietro_roger_de_beaufort_gregorio_xi_pope_gregory_xi=-et.png,28
coat-of-arms_images/coa__pietro_roger_de_beaufort_gregorio_xi_pope_gregory_xi=.png,28
coat-of-arms_images/coa__pope_papal=-b-eh.png,29
coat-of-arms_images/coa__pope_papal=-b-el.png,29
coat-of-arms_images/coa__pope_papal=-b-et.png,29
coat-of-arms_images/coa__pope_papal=-b.png,29
coat-of-arms_images/coa__pope_papal=-ch-b-eh.png,29
coat-of-arms_images/coa__pope_papal=-ch-b-el.png,29
coat-of-arms_images/coa__pope_papal=-ch-b-et.png,29
coat-of-arms_images/coa__pope_papal=-ch-b.png,29
coat-of-arms_images/coa__pope_papal=-ch-eh.png,29
coat-of-arms_images/coa__pope_papal=-ch-el.png,29
coat-of-arms_images/coa__pope_papal=-ch-et.png,29
coat-of-arms_images/coa__pope_papal=-ch.png,29
coat-of-arms_images/coa__pope_papal=-cl-b-eh.png,29
coat-of-arms_images/coa__pope_papal=-cl-b-el.png,29
coat-of-arms_images/coa__pope_papal=-cl-b-et.png,29
coat-of-arms_images/coa__pope_papal=-cl-b.png,29
coat-of-arms_images/coa__pope_papal=-cl-eh.png,29
coat-of-arms_images/coa__pope_papal=-cl-el.png,29
coat-of-arms_images/coa__pope_papal=-cl-et.png,29
coat-of-arms_images/coa__pope_papal=-cl.png,29
coat-of-arms_images/coa__pope_papal=-ct-b-eh.png,29
coat-of-arms_images/coa__pope_papal=-ct-b-el.png,29
coat-of-arms_images/coa__pope_papal=-ct-b-et.png,29
coat-of-arms_images/coa__pope_papal=-ct-b.png,29
coat-of-arms_images/coa__pope_papal=-ct-eh.png,29
coat-of-arms_images/coa__pope_papal=-ct-el.png,29
coat-of-arms_images/coa__pope_papal=-ct-et.png,29
coat-of-arms_images/coa__pope_papal=-ct.png,29
coat-of-arms_images/coa__pope_papal=-eh.png,29
coat-of-arms_images/coa__pope_papal=-el.png,29
coat-of-arms_images/coa__pope_papal=-et.png,29
coat-of-arms_images/coa__pope_papal=.png,29
coat-of-arms_images/coa__rodrigo_borgia_alessandro_vi_pope_alexander_vi=-b-eh.png,30
coat-of-arms_images/coa__rodrigo_borgia_alessandro_vi_pope_alexander_vi=-b-el.png,30
coat-of-arms_images/coa__rodrigo_borgia_alessandro_vi_pope_alexander_vi=-b-et.png,30
coat-of-arms_images/coa__rodrigo_borgia_alessandro_vi_pope_alexander_vi=-b.png,30
coat-of-arms_images/coa__rodrigo_borgia_alessandro_vi_pope_alexander_vi=-ch-b-eh.png,30
coat-of-arms_images/coa__rodrigo_borgia_alessandro_vi_pope_alexander_vi=-ch-b-el.png,30
coat-of-arms_images/coa__rodrigo_borgia_alessandro_vi_pope_alexander_vi=-ch-b-et.png,30
coat-of-arms_images/coa__rodrigo_borgia_alessandro_vi_pope_alexander_vi=-ch-b.png,30
coat-of-arms_images/coa__rodrigo_borgia_alessandro_vi_pope_alexander_vi=-ch-eh.png,30
coat-of-arms_images/coa__rodrigo_borgia_alessandro_vi_pope_alexander_vi=-ch-el.png,30
coat-of-arms_images/coa__rodrigo_borgia_alessandro_vi_pope_alexander_vi=-ch-et.png,30
coat-of-arms_images/coa__rodrigo_borgia_alessandro_vi_pope_alexander_vi=-ch.png,30
coat-of-arms_images/coa__rodrigo_borgia_alessandro_vi_pope_alexander_vi=-cl-b-eh.png,30
coat-of-arms_images/coa__rodrigo_borgia_alessandro_vi_pope_alexander_vi=-cl-b-el.png,30
coat-of-arms_images/coa__rodrigo_borgia_alessandro_vi_pope_alexander_vi=-cl-b-et.png,30
coat-of-arms_images/coa__rodrigo_borgia_alessandro_vi_pope_alexander_vi=-cl-b.png,30
coat-of-arms_images/coa__rodrigo_borgia_alessandro_vi_pope_alexander_vi=-cl-eh.png,30
coat-of-arms_images/coa__rodrigo_borgia_alessandro_vi_pope_alexander_vi=-cl-el.png,30
coat-of-arms_images/coa__rodrigo_borgia_alessandro_vi_pope_alexander_vi=-cl-et.png,30
coat-of-arms_images/coa__rodrigo_borgia_alessandro_vi_pope_alexander_vi=-cl.png,30
coat-of-arms_images/coa__rodrigo_borgia_alessandro_vi_pope_alexander_vi=-ct-b-eh.png,30
coat-of-arms_images/coa__rodrigo_borgia_alessandro_vi_pope_alexander_vi=-ct-b-el.png,30
coat-of-arms_images/coa__rodrigo_borgia_alessandro_vi_pope_alexander_vi=-ct-b-et.png,30
coat-of-arms_images/coa__rodrigo_borgia_alessandro_vi_pope_alexander_vi=-ct-b.png,30
coat-of-arms_images/coa__rodrigo_borgia_alessandro_vi_pope_alexander_vi=-ct-eh.png,30
coat-of-arms_images/coa__rodrigo_borgia_alessandro_vi_pope_alexander_vi=-ct-el.png,30
coat-of-arms_images/coa__rodrigo_borgia_alessandro_vi_pope_alexander_vi=-ct-et.png,30
coat-of-arms_images/coa__rodrigo_borgia_alessandro_vi_pope_alexander_vi=-ct.png,30
coat-of-arms_images/coa__rodrigo_borgia_alessandro_vi_pope_alexander_vi=-eh.png,30
coat-of-arms_images/coa__rodrigo_borgia_alessandro_vi_pope_alexander_vi=-el.png,30
coat-of-arms_images/coa__rodrigo_borgia_alessandro_vi_pope_alexander_vi=-et.png,30
coat-of-arms_images/coa__rodrigo_borgia_alessandro_vi_pope_alexander_vi=.png,30
coat-of-arms_images/coa__scottish_royal_arms=-b-eh.png,31
coat-of-arms_images/coa__scottish_royal_arms=-b-el.png,31
coat-of-arms_images/coa__scottish_royal_arms=-b-et.png,31
coat-of-arms_images/coa__scottish_royal_arms=-b.png,31
coat-of-arms_images/coa__scottish_royal_arms=-ch-b-eh.png,31
coat-of-arms_images/coa__scottish_royal_arms=-ch-b-el.png,31
coat-of-arms_images/coa__scottish_royal_arms=-ch-b-et.png,31
coat-of-arms_images/coa__scottish_royal_arms=-ch-b.png,31
coat-of-arms_images/coa__scottish_royal_arms=-ch-eh.png,31
coat-of-arms_images/coa__scottish_royal_arms=-ch-el.png,31
coat-of-arms_images/coa__scottish_royal_arms=-ch-et.png,31
coat-of-arms_images/coa__scottish_royal_arms=-ch.png,31
coat-of-arms_images/coa__scottish_royal_arms=-cl-b-eh.png,31
coat-of-arms_images/coa__scottish_royal_arms=-cl-b-el.png,31
coat-of-arms_images/coa__scottish_royal_arms=-cl-b-et.png,31
coat-of-arms_images/coa__scottish_royal_arms=-cl-b.png,31
coat-of-arms_images/coa__scottish_royal_arms=-cl-eh.png,31
coat-of-arms_images/coa__scottish_royal_arms=-cl-el.png,31
coat-of-arms_images/coa__scottish_royal_arms=-cl-et.png,31
coat-of-arms_images/coa__scottish_royal_arms=-cl.png,31
coat-of-arms_images/coa__scottish_royal_arms=-ct-b-eh.png,31
coat-of-arms_images/coa__scottish_royal_arms=-ct-b-el.png,31
coat-of-arms_images/coa__scottish_royal_arms=-ct-b-et.png,31
coat-of-arms_images/coa__scottish_royal_arms=-ct-b.png,31
coat-of-arms_images/coa__scottish_royal_arms=-ct-eh.png,31
coat-of-arms_images/coa__scottish_royal_arms=-ct-el.png,31
coat-of-arms_images/coa__scottish_royal_arms=-ct-et.png,31
coat-of-arms_images/coa__scottish_royal_arms=-ct.png,31
coat-of-arms_images/coa__scottish_royal_arms=-eh.png,31
coat-of-arms_images/coa__scottish_royal_arms=-el.png,31
coat-of-arms_images/coa__scottish_royal_arms=-et.png,31
coat-of-arms_images/coa__scottish_royal_arms=.png,31
coat-of-arms_images/coa__ugo_boncompagni_gregorio_xiii_pope_gregory_xiii=-b-eh.png,32
coat-of-arms_images/coa__ugo_boncompagni_gregorio_xiii_pope_gregory_xiii=-b-el.png,32
coat-of-arms_images/coa__ugo_boncompagni_gregorio_xiii_pope_gregory_xiii=-b-et.png,32
coat-of-arms_images/coa__ugo_boncompagni_gregorio_xiii_pope_gregory_xiii=-b.png,32
coat-of-arms_images/coa__ugo_boncompagni_gregorio_xiii_pope_gregory_xiii=-ch-b-eh.png,32
coat-of-arms_images/coa__ugo_boncompagni_gregorio_xiii_pope_gregory_xiii=-ch-b-el.png,32
coat-of-arms_images/coa__ugo_boncompagni_gregorio_xiii_pope_gregory_xiii=-ch-b-et.png,32
coat-of-arms_images/coa__ugo_boncompagni_gregorio_xiii_pope_gregory_xiii=-ch-b.png,32
coat-of-arms_images/coa__ugo_boncompagni_gregorio_xiii_pope_gregory_xiii=-ch-eh.png,32
coat-of-arms_images/coa__ugo_boncompagni_gregorio_xiii_pope_gregory_xiii=-ch-el.png,32
coat-of-arms_images/coa__ugo_boncompagni_gregorio_xiii_pope_gregory_xiii=-ch-et.png,32
coat-of-arms_images/coa__ugo_boncompagni_gregorio_xiii_pope_gregory_xiii=-ch.png,32
coat-of-arms_images/coa__ugo_boncompagni_gregorio_xiii_pope_gregory_xiii=-cl-b-eh.png,32
coat-of-arms_images/coa__ugo_boncompagni_gregorio_xiii_pope_gregory_xiii=-cl-b-el.png,32
coat-of-arms_images/coa__ugo_boncompagni_gregorio_xiii_pope_gregory_xiii=-cl-b-et.png,32
coat-of-arms_images/coa__ugo_boncompagni_gregorio_xiii_pope_gregory_xiii=-cl-b.png,32
coat-of-arms_images/coa__ugo_boncompagni_gregorio_xiii_pope_gregory_xiii=-cl-eh.png,32
coat-of-arms_images/coa__ugo_boncompagni_gregorio_xiii_pope_gregory_xiii=-cl-el.png,32
coat-of-arms_images/coa__ugo_boncompagni_gregorio_xiii_pope_gregory_xiii=-cl-et.png,32
coat-of-arms_images/coa__ugo_boncompagni_gregorio_xiii_pope_gregory_xiii=-cl.png,32
coat-of-arms_images/coa__ugo_boncompagni_gregorio_xiii_pope_gregory_xiii=-ct-b-eh.png,32
coat-of-arms_images/coa__ugo_boncompagni_gregorio_xiii_pope_gregory_xiii=-ct-b-el.png,32
coat-of-arms_images/coa__ugo_boncompagni_gregorio_xiii_pope_gregory_xiii=-ct-b-et.png,32
coat-of-arms_images/coa__ugo_boncompagni_gregorio_xiii_pope_gregory_xiii=-ct-b.png,32
coat-of-arms_images/coa__ugo_boncompagni_gregorio_xiii_pope_gregory_xiii=-ct-eh.png,32
coat-of-arms_images/coa__ugo_boncompagni_gregorio_xiii_pope_gregory_xiii=-ct-el.png,32
coat-of-arms_images/coa__ugo_boncompagni_gregorio_xiii_pope_gregory_xiii=-ct-et.png,32
coat-of-arms_images/coa__ugo_boncompagni_gregorio_xiii_pope_gregory_xiii=-ct.png,32
coat-of-arms_images/coa__ugo_boncompagni_gregorio_xiii_pope_gregory_xiii=-eh.png,32
coat-of-arms_images/coa__ugo_boncompagni_gregorio_xiii_pope_gregory_xiii=-el.png,32
coat-of-arms_images/coa__ugo_boncompagni_gregorio_xiii_pope_gregory_xiii=-et.png,32
coat-of-arms_images/coa__ugo_boncompagni_gregorio_xiii_pope_gregory_xiii=.png,32
coat-of-arms_images/coa__united_kingdom_portugal_brazil_and_algarves=-b-eh.png,33
coat-of-arms_images/coa__united_kingdom_portugal_brazil_and_algarves=-b-el.png,33
coat-of-arms_images/coa__united_kingdom_portugal_brazil_and_algarves=-b-et.png,33
coat-of-arms_images/coa__united_kingdom_portugal_brazil_and_algarves=-b.png,33
coat-of-arms_images/coa__united_kingdom_portugal_brazil_and_algarves=-ch-b-eh.png,33
coat-of-arms_images/coa__united_kingdom_portugal_brazil_and_algarves=-ch-b-el.png,33
coat-of-arms_images/coa__united_kingdom_portugal_brazil_and_algarves=-ch-b-et.png,33
coat-of-arms_images/coa__united_kingdom_portugal_brazil_and_algarves=-ch-b.png,33
coat-of-arms_images/coa__united_kingdom_portugal_brazil_and_algarves=-ch-eh.png,33
coat-of-arms_images/coa__united_kingdom_portugal_brazil_and_algarves=-ch-el.png,33
coat-of-arms_images/coa__united_kingdom_portugal_brazil_and_algarves=-ch-et.png,33
coat-of-arms_images/coa__united_kingdom_portugal_brazil_and_algarves=-ch.png,33
coat-of-arms_images/coa__united_kingdom_portugal_brazil_and_algarves=-cl-b-eh.png,33
coat-of-arms_images/coa__united_kingdom_portugal_brazil_and_algarves=-cl-b-el.png,33
coat-of-arms_images/coa__united_kingdom_portugal_brazil_and_algarves=-cl-b-et.png,33
coat-of-arms_images/coa__united_kingdom_portugal_brazil_and_algarves=-cl-b.png,33
coat-of-arms_images/coa__united_kingdom_portugal_brazil_and_algarves=-cl-eh.png,33
coat-of-arms_images/coa__united_kingdom_portugal_brazil_and_algarves=-cl-el.png,33
coat-of-arms_images/coa__united_kingdom_portugal_brazil_and_algarves=-cl-et.png,33
coat-of-arms_images/coa__united_kingdom_portugal_brazil_and_algarves=-cl.png,33
coat-of-arms_images/coa__united_kingdom_portugal_brazil_and_algarves=-ct-b-eh.png,33
coat-of-arms_images/coa__united_kingdom_portugal_brazil_and_algarves=-ct-b-el.png,33
coat-of-arms_images/coa__united_kingdom_portugal_brazil_and_algarves=-ct-b-et.png,33
coat-of-arms_images/coa__united_kingdom_portugal_brazil_and_algarves=-ct-b.png,33
coat-of-arms_images/coa__united_kingdom_portugal_brazil_and_algarves=-ct-eh.png,33
coat-of-arms_images/coa__united_kingdom_portugal_brazil_and_algarves=-ct-el.png,33
coat-of-arms_images/coa__united_kingdom_portugal_brazil_and_algarves=-ct-et.png,33
coat-of-arms_images/coa__united_kingdom_portugal_brazil_and_algarves=-ct.png,33
coat-of-arms_images/coa__united_kingdom_portugal_brazil_and_algarves=-eh.png,33
coat-of-arms_images/coa__united_kingdom_portugal_brazil_and_algarves=-el.png,33
coat-of-arms_images/coa__united_kingdom_portugal_brazil_and_algarves=-et.png,33
coat-of-arms_images/coa__united_kingdom_portugal_brazil_and_algarves=.png,33
coat-of-arms_images/coa__wappen_des_herzogs_in_bayern_haus_wittelsbach=-b-eh.png,34
coat-of-arms_images/coa__wappen_des_herzogs_in_bayern_haus_wittelsbach=-b-el.png,34
coat-of-arms_images/coa__wappen_des_herzogs_in_bayern_haus_wittelsbach=-b-et.png,34
coat-of-arms_images/coa__wappen_des_herzogs_in_bayern_haus_wittelsbach=-b.png,34
coat-of-arms_images/coa__wappen_des_herzogs_in_bayern_haus_wittelsbach=-ch-b-eh.png,34
coat-of-arms_images/coa__wappen_des_herzogs_in_bayern_haus_wittelsbach=-ch-b-el.png,34
coat-of-arms_images/coa__wappen_des_herzogs_in_bayern_haus_wittelsbach=-ch-b-et.png,34
coat-of-arms_images/coa__wappen_des_herzogs_in_bayern_haus_wittelsbach=-ch-b.png,34
coat-of-arms_images/coa__wappen_des_herzogs_in_bayern_haus_wittelsbach=-ch-eh.png,34
coat-of-arms_images/coa__wappen_des_herzogs_in_bayern_haus_wittelsbach=-ch-el.png,34
coat-of-arms_images/coa__wappen_des_herzogs_in_bayern_haus_wittelsbach=-ch-et.png,34
coat-of-arms_images/coa__wappen_des_herzogs_in_bayern_haus_wittelsbach=-ch.png,34
coat-of-arms_images/coa__wappen_des_herzogs_in_bayern_haus_wittelsbach=-cl-b-eh.png,34
coat-of-arms_images/coa__wappen_des_herzogs_in_bayern_haus_wittelsbach=-cl-b-el.png,34
coat-of-arms_images/coa__wappen_des_herzogs_in_bayern_haus_wittelsbach=-cl-b-et.png,34
coat-of-arms_images/coa__wappen_des_herzogs_in_bayern_haus_wittelsbach=-cl-b.png,34
coat-of-arms_images/coa__wappen_des_herzogs_in_bayern_haus_wittelsbach=-cl-eh.png,34
coat-of-arms_images/coa__wappen_des_herzogs_in_bayern_haus_wittelsbach=-cl-el.png,34
coat-of-arms_images/coa__wappen_des_herzogs_in_bayern_haus_wittelsbach=-cl-et.png,34
coat-of-arms_images/coa__wappen_des_herzogs_in_bayern_haus_wittelsbach=-cl.png,34
coat-of-arms_images/coa__wappen_des_herzogs_in_bayern_haus_wittelsbach=-ct-b-eh.png,34
coat-of-arms_images/coa__wappen_des_herzogs_in_bayern_haus_wittelsbach=-ct-b-el.png,34
coat-of-arms_images/coa__wappen_des_herzogs_in_bayern_haus_wittelsbach=-ct-b-et.png,34
coat-of-arms_images/coa__wappen_des_herzogs_in_bayern_haus_wittelsbach=-ct-b.png,34
coat-of-arms_images/coa__wappen_des_herzogs_in_bayern_haus_wittelsbach=-ct-eh.png,34
coat-of-arms_images/coa__wappen_des_herzogs_in_bayern_haus_wittelsbach=-ct-el.png,34
coat-of-arms_images/coa__wappen_des_herzogs_in_bayern_haus_wittelsbach=-ct-et.png,34
coat-of-arms_images/coa__wappen_des_herzogs_in_bayern_haus_wittelsbach=-ct.png,34
coat-of-arms_images/coa__wappen_des_herzogs_in_bayern_haus_wittelsbach=-eh.png,34
coat-of-arms_images/coa__wappen_des_herzogs_in_bayern_haus_wittelsbach=-el.png,34
coat-of-arms_images/coa__wappen_des_herzogs_in_bayern_haus_wittelsbach=-et.png,34
coat-of-arms_images/coa__wappen_des_herzogs_in_bayern_haus_wittelsbach=.png,34
